cal_year,firm_years,with_be,be_positive,txditc_missing_share,median_be_musd
2000,10946,10134,8848,0.113,52.4
2001,10402,9545,8064,0.117,49.9
2002,10039,9126,7611,0.119,50.0
2003,9791,8852,7457,0.122,59.4
2004,9524,8555,7335,0.125,76.6
2005,9342,8324,7156,0.124,87.7
2006,9193,7975,6937,0.127,103.7
2007,9211,7624,6773,0.127,118.7
2008,9045,7392,6420,0.127,111.5
2009,8949,7226,6198,0.131,118.7
2010,9002,7134,6168,0.133,135.3
2011,9211,7104,6109,0.131,145.0
2012,9437,7351,6192,0.132,138.5
2013,9535,7483,6272,0.129,141.9
2014,9420,7277,6242,0.136,161.9
2015,9288,7028,6001,0.134,172.1
2016,9309,6869,5809,0.132,165.9
2017,9240,6743,5741,0.13,186.2
2018,9323,6649,5671,0.126,196.6
2019,9564,6736,5681,0.126,198.8
2020,9927,6978,5949,0.122,210.7
2021,10225,7028,6277,0.121,257.8
2022,10508,7045,6196,0.119,223.6
2023,10648,6912,5984,0.121,218.9
2024,10901,6675,5787,0.122,241.0
2025,11304,6246,5520,0.12,286.5
