t,universe,linked,with_be_row,with_be,eligible,nyse_universe,nyse_eligible,share_count,share_mcap
2001,5876,5784,5773,5766,5557,1545,1468,0.946,0.988
2002,5344,5269,5261,5255,5015,1485,1411,0.938,0.988
2003,4937,4871,4861,4856,4668,1477,1403,0.946,0.981
2004,4700,4643,4629,4628,4469,1446,1379,0.951,0.983
2005,4648,4590,4585,4582,4434,1447,1384,0.954,0.985
2006,4567,4508,4492,4490,4336,1411,1345,0.949,0.984
2007,4475,4412,4403,4399,4242,1394,1325,0.948,0.977
2008,4413,4353,4341,4338,4202,1374,1313,0.952,0.984
2009,4126,4069,4062,4061,3899,1313,1238,0.945,0.976
2010,3937,3884,3879,3877,3721,1307,1230,0.945,0.972
2011,3773,3722,3718,3717,3591,1294,1227,0.952,0.977
2012,3652,3606,3602,3602,3489,1286,1223,0.955,0.974
2013,3534,3490,3483,3481,3356,1284,1214,0.95,0.965
2014,3561,3517,3512,3510,3375,1306,1242,0.948,0.967
2015,3669,3620,3610,3607,3460,1333,1261,0.943,0.957
2016,3604,3557,3549,3547,3359,1293,1210,0.932,0.952
2017,3492,3440,3436,3428,3203,1250,1158,0.917,0.947
2018,3474,3419,3411,3401,3188,1237,1143,0.918,0.944
2019,3492,3436,3429,3422,3220,1235,1138,0.922,0.942
2020,3482,3431,3422,3406,3205,1206,1112,0.92,0.925
2021,3649,3570,3552,3522,3298,1224,1109,0.904,0.928
2022,4264,3981,3912,3880,3656,1384,1199,0.857,0.939
2023,4109,3926,3876,3850,3562,1321,1179,0.867,0.917
2024,3850,3747,3724,3699,3374,1261,1154,0.876,0.934
2025,3637,3581,3577,3572,3237,1230,1135,0.89,0.938
