t,n_nyse,size_median_ME,bm_p30,bm_p70
2001,1468,1159311.92,0.393648034679909,0.9292720260804341
2002,1411,1231865.25,0.39718179998587316,0.8562002513615415
2003,1403,1182862.8,0.4714366926795009,0.93001850092315
2004,1379,1684198.0,0.3749946697371615,0.7131280375409424
2005,1384,1849250.0499999998,0.3575128769972639,0.6435590325326591
2006,1345,2133643.2,0.3503586510245706,0.6553080068861505
2007,1325,2574460.8499999996,0.3407759262094908,0.6388415680491619
2008,1313,1933636.77,0.3548533080300324,0.7475380413649809
2009,1238,1370488.665,0.5522681074371951,1.2155405973015874
2010,1230,1667179.3199999998,0.4425493719353286,0.9048419647008552
2011,1227,2296880.03,0.39332476307926717,0.7808708285726471
2012,1223,1984534.8599999999,0.4598532147654872,0.9218455640577121
2013,1214,2511537.3,0.41430843260862854,0.8578257231153179
2014,1242,3020635.245,0.32306899093472796,0.6861139447587885
2015,1261,2818900.56,0.31095210587845845,0.7179138944916199
2016,1210,2526458.88,0.33992509721788705,0.8125803616510964
2017,1158,3039307.29,0.30309188328043773,0.6723711474354505
2018,1143,3342261.6,0.2850901810116281,0.6600315123580563
2019,1138,3074939.725,0.3544411665837044,0.8713745888846502
2020,1112,2485896.5999999996,0.310798207172893,0.7758332322604387
2021,1109,4216790.199999999,0.26524418543768813,0.7774712768027562
2022,1199,3140268.75,0.23996666835940136,0.6367584704140262
2023,1179,3609931.64,0.3217533886333466,0.7849808899053926
2024,1154,3898095.58,0.28629382555553795,0.7825606387795874
2025,1135,4286602.92,0.2661491081980743,0.7561512434507887
