ym,mkt_rf,mkt_rf_paper,smb,hml,smb_firmME,hml_firmME,rf,mkt_rf_b,smb_b,hml_b
200107,-0.02130761648720803,-0.020927499245400813,-0.04009799141312556,0.049810163861080746,-0.04178011880052599,0.05406695749296386,0.003,-0.0213,-0.0406,0.0495
200108,-0.06464294210833656,-0.06449330042121448,0.018763394213024497,0.038976232474462226,0.016974171040994725,0.04201743148745336,0.0031,-0.064,0.0219,0.0286
200109,-0.09250714735040355,-0.0923257692335683,-0.06285096070454547,0.014310023590468138,-0.06586452911136273,0.021100232955605897,0.0028000000000000004,-0.0924,-0.0623,0.0152
200110,0.02461407295504,0.025021776360764938,0.06711969629396006,-0.0644943222704038,0.06699533203728117,-0.06601874203174053,0.0022,0.0248,0.07490000000000001,-0.0731
200111,0.07545349201101317,0.07583101064794923,0.003979034676683618,0.00813881458642815,0.005865266631567723,0.005212892488186682,0.0017000000000000001,0.0753,-0.005699999999999999,0.0217
200112,0.01602712166094331,0.015380463044398439,0.04739602824586052,0.008448645435440313,0.04592136303119124,0.009806850401301984,0.0015,0.0161,0.0472,0.0083
200201,-0.014440390182318592,-0.013767419085341666,0.011305356818015415,0.03667263518211592,0.011696689290239672,0.03614948725699387,0.0014000000000000002,-0.0144,0.011699999999999999,0.0342
200202,-0.022901424830223324,-0.022495839339369637,-0.016990586365490026,0.037453841455341905,-0.0163871851903366,0.03355813700317667,0.0013,-0.023,-0.0108,0.023399999999999997
200203,0.04245207577349399,0.04290118825228935,0.04039689033244936,0.009525383761138075,0.04280040223254068,0.00496314666245988,0.0013,0.0424,0.0409,0.0108
200204,-0.052038582992182565,-0.052989790547119955,0.05551417065871575,0.04420889685602421,0.05701537101342076,0.04016548824106536,0.0015,-0.0521,0.0582,0.0401
200205,-0.013776290537211909,-0.014191077986849309,-0.03651233924091331,0.02355744502706336,-0.037052494426799386,0.025172121083961364,0.0014000000000000002,-0.013600000000000001,-0.0327,0.0152
200206,-0.07218972814669328,-0.07187087100898677,0.03232330681350328,0.016661019354059392,0.030502494616193976,0.021093208488767258,0.0013,-0.0723,0.0408,0.0037
200207,-0.08182836897449516,-0.08174586567555304,-0.049904577155372526,-0.03209101550238044,-0.04881136404586342,-0.0354744756323562,0.0015,-0.0819,-0.0524,-0.0358
200208,0.005004006392843251,0.004971068250800557,-0.026951430759836154,0.029748189924619715,-0.02840101591905762,0.031134394349737332,0.0014000000000000002,0.005,-0.0279,0.0296
200209,-0.10351763902475897,-0.10380790858750752,0.024255240200064754,0.017139958545158568,0.025100823195194924,0.014286255801420414,0.0014000000000000002,-0.10339999999999999,0.0242,0.0127
200210,0.07840762524027811,0.07895941098163739,-0.027100265229430348,-0.058151951796963516,-0.028154878925984554,-0.0576971236248552,0.0014000000000000002,0.0784,-0.034,-0.0374
200211,0.0596149931783666,0.05935773371586944,0.034671816660239725,-0.022121474561646176,0.03497273273708356,-0.02267902927594534,0.0012,0.0596,0.0325,-0.0123
200212,-0.057558249378587854,-0.05791492700235267,-0.003529514501178485,0.0352164132661542,-0.006806663015538332,0.04065136060451488,0.0011,-0.0576,-0.0003,0.0216
200301,-0.02576294997518187,-0.026830592652592078,0.010044664383194138,-0.006246833540347208,0.010072512147514503,-0.005546853776828026,0.001,-0.025699999999999997,0.0134,-0.0084
200302,-0.018864732960182696,-0.019261655068862054,-0.006110388226366503,-0.013048082248079212,-0.005933301958994091,-0.011176955403343923,0.0009,-0.018799999999999997,-0.0040999999999999995,-0.014199999999999999
200303,0.010930480401748908,0.011313304213290128,0.007309511958968643,-0.013472867572467196,0.007253891363130868,-0.01336369199745819,0.001,0.0109,0.0116,-0.0206
200304,0.08228194641231613,0.08183372751303747,0.009553355341929637,0.0060707588736715334,0.011482571909635031,0.001792923495153656,0.001,0.0818,0.0075,0.012
200305,0.06051461503278721,0.06100384476120846,0.04814436308988383,0.0031936222752738525,0.046456147299700615,0.005834121189646754,0.0009,0.0605,0.0461,0.0063
200306,0.01419109528445191,0.013934849506236743,0.015546174057191348,0.003733284677285925,0.01505799843250081,0.005363583432566828,0.001,0.014199999999999999,0.0169,0.002
200307,0.023396079063149215,0.023442841735816643,0.05445705623000729,-0.024668451853647064,0.05477523943845116,-0.02384968131959079,0.0007000000000000001,0.0233,0.0493,-0.0154
200308,0.023377005201975814,0.023334361051661666,0.025938717114728217,0.014698118249925382,0.02563068186291148,0.01503842698094112,0.0007000000000000001,0.0233,0.024399999999999998,0.016399999999999998
200309,-0.012332832492383034,-0.012445895964094277,0.007359139794039954,0.00755296998808263,0.004933393711472103,0.010751147136127326,0.0008,-0.0124,0.0085,0.0014000000000000002
200310,0.06080568326952886,0.06042228312123933,0.028125425628162143,0.018417191866317018,0.02804936314668123,0.017744628973271503,0.0007000000000000001,0.0608,0.0259,0.022099999999999998
200311,0.013518009019073955,0.013582599991800635,0.021913476985454927,0.011975381552243685,0.020898527960348648,0.014059994958537034,0.0007000000000000001,0.013500000000000002,0.0206,0.0172
200312,0.042950133262059424,0.04319391481883836,-0.02889161360646269,0.025437826352450697,-0.02820380389321513,0.021919829993195486,0.0008,0.0429,-0.0268,0.0151
200401,0.021526358929690365,0.021218130431675575,0.029642188203408523,0.01645324062734721,0.027723809301708962,0.021241105970647333,0.0007000000000000001,0.0215,0.0254,0.0242
200402,0.014027758167557944,0.014274358011084558,-0.012278607038968718,0.003946289620082774,-0.013271163572059232,0.006956375401535448,0.0006,0.013999999999999999,-0.015700000000000002,0.0095
200403,-0.013217161103279244,-0.012995777762204648,0.017133502208445683,0.0015974278854920519,0.0178212903987822,-0.0003521812847660701,0.0009,-0.0132,0.0173,0.0023
200404,-0.018359302411545417,-0.018676781920302095,-0.024865491844260398,-0.01907764730748942,-0.02451931077410077,-0.01877684116539103,0.0008,-0.0181,-0.0173,-0.0323
200405,0.011779669932218633,0.011972208392150942,-0.0017628540798441932,-0.004130100557394101,-0.002739518931614719,-0.0018686147671131397,0.0006,0.0118,-0.0023,-0.0018
200406,0.01858040041175341,0.018724273267947303,0.02227439358959318,0.012887713442474143,0.021371052967712058,0.015532791371361054,0.0008,0.018500000000000003,0.0225,0.0121
200407,-0.04067049656204912,-0.04041261116899328,-0.03662533339191426,0.03820041799591578,-0.03659888913543036,0.0379220201042124,0.001,-0.0404,-0.0375,0.0322
200408,0.0007860196793666959,0.0006041298842252275,-0.015198578342101652,0.011530617386728219,-0.015184732754282483,0.012130679071225201,0.0011,0.0007000000000000001,-0.0151,0.010700000000000001
200409,0.01606601660714264,0.01586389196042052,0.03136088684522931,0.0012944204289938657,0.030724112128117088,0.002361277434979825,0.0011,0.016,0.029900000000000003,-0.0005
200410,0.014302671099054637,0.013771702169167975,0.004677648150487152,-0.008359579682413413,0.0035915664950000505,-0.006060040476805834,0.0011,0.014199999999999999,0.0014000000000000002,-0.0026
200411,0.04543444817662528,0.0450690915329974,0.04094633965599322,0.01365252483352214,0.039761326420673926,0.015416006193257205,0.0015,0.0453,0.0373,0.015700000000000002
200412,0.03433279857116487,0.03389361489559016,-0.00022130872114938666,-0.003913125594353015,-1.1420711982686182e-05,-0.0038740857862421055,0.0016,0.0342,-0.0004,-0.0022
200501,-0.027533479037382173,-0.027051273424964432,-0.017544816862189724,0.03077022862002749,-0.01698268832941031,0.029291306108674524,0.0016,-0.0275,-0.0169,0.021
200502,0.018928552490012022,0.019152531855213983,-0.005349134540458413,0.023393537494196433,-0.005808351258915247,0.02489611720024137,0.0016,0.018799999999999997,-0.0059,0.0144
200503,-0.01964819660845359,-0.0195871464954044,-0.0118176946157764,0.018465448398696994,-0.012881721712828234,0.017965857639527454,0.0021,-0.0194,-0.014199999999999999,0.0208
200504,-0.02613144678702703,-0.02563579511427964,-0.039800782553683176,0.000344569776876788,-0.04043544369616689,9.968167312151416e-05,0.0021,-0.026099999999999998,-0.0395,0.0009
200505,0.03652671740885905,0.03603640198149052,0.030106812710131388,-0.012251931068668967,0.02956217472286493,-0.01035919219515271,0.0024,0.0365,0.0287,-0.0060999999999999995
200506,0.0056410479920431765,0.004794863032200846,0.02639035435003792,0.027208818685518124,0.025928804620878564,0.02922786449270385,0.0023,0.0058,0.0252,0.0286
200507,0.03918914887798758,0.039227610707058005,0.026939154640518284,-0.007961352415263398,0.027064434837690762,-0.00812682980544853,0.0024,0.0392,0.0287,-0.0078000000000000005
200508,-0.012165654032292153,-0.012272074302390391,-0.009919724716869516,0.011228204163545363,-0.009902784528602257,0.010758401873088042,0.003,-0.012,-0.010700000000000001,0.0134
200509,0.004810348580213211,0.005125391045599366,-0.008412373531497722,0.011456506978622284,-0.008248853256412187,0.011533552638027997,0.0029,0.0048,-0.0062,0.0078000000000000005
200510,-0.020117520157666834,-0.019936477910704038,-0.010477797938295591,-0.008329865931046274,-0.010707242396271337,-0.0070816099195990904,0.0027,-0.0204,-0.013000000000000001,0.0043
200511,0.036202607817681066,0.03619263858587845,0.009665982587620185,-0.0178502491388449,0.009570261642318029,-0.01650366217208557,0.0031,0.0361,0.0105,-0.011899999999999999
200512,-0.002499738286023832,-0.002725324427644153,-0.004328036294218631,0.004080319026480279,-0.004168209039488661,0.004122646758581792,0.0032,-0.0024,-0.0044,0.0015
200601,0.03042283142178197,0.02991642243838825,0.05227354265943576,0.012120103880846188,0.05267685751067682,0.009453891749192825,0.0034999999999999996,0.030299999999999997,0.0546,0.009899999999999999
200602,-0.003008874448120162,-0.0027619803736855728,-0.002365350953749568,-0.0066828670315983805,-0.0026180837319929144,-0.007133206607381864,0.0034000000000000002,-0.003,-0.0040999999999999995,-0.0031
200603,0.014653542636034302,0.014367634657194395,0.03404044679399122,0.001233871797221179,0.034032231875604425,-0.00020400349293736228,0.0037,0.0147,0.0339,0.0060999999999999995
200604,0.007261689462996319,0.006959567338401512,-0.012855068268094329,0.028420293406267238,-0.012390347493697908,0.026673042572405332,0.0036,0.0073,-0.0138,0.0226
200605,-0.03576949014010557,-0.03586395031008165,-0.030311561165985077,0.0258573834819576,-0.02943607552662939,0.026547322861291894,0.0043,-0.0356,-0.0301,0.023799999999999998
200606,-0.003488622738493963,-0.0033619150843801886,-0.006244564025293585,0.014329412915448163,-0.006070739753689143,0.01447029496563285,0.004,-0.0034999999999999996,-0.0034999999999999996,0.0085
200607,-0.007766171159121217,-0.00735415291546866,-0.04079770641964892,0.033729495449774494,-0.04080887932550971,0.033454546496126544,0.004,-0.0077,-0.039599999999999996,0.0262
200608,0.020339130894986193,0.02013902345524376,0.007758781118034741,-0.018360412550851767,0.007934547321896714,-0.018735838322708726,0.0042,0.0203,0.009899999999999999,-0.0195
200609,0.01844799125099885,0.01835234754991795,-0.011547114984349034,-0.0032787036544241616,-0.01144796016810882,-0.004657614507561709,0.0040999999999999995,0.0184,-0.013000000000000001,0.0007000000000000001
200610,0.03228170044363511,0.0316155628129921,0.0183008338301711,0.0023808167991709664,0.018031988197894713,0.0025897595637316487,0.0040999999999999995,0.0322,0.0177,-0.0033
200611,0.01713128206620932,0.01662025609436358,0.006850178072593905,0.002865682567417708,0.006968013913114326,0.002406589697825069,0.0042,0.017,0.0063,0.0003
200612,0.008594130652326957,0.008242946241328921,-0.009341091667840126,0.02434207835480711,-0.009458651651047718,0.0242262681799698,0.004,0.0085,-0.0116,0.0275
200701,0.014098363638022311,0.01393540805626146,0.00041889875208807326,-0.0035975475205145407,0.000310799650133798,-0.003917813747621075,0.0044,0.0138,0.0009,-0.0068000000000000005
200702,-0.019606693151292796,-0.019614789895173866,0.01356351645626356,0.0025507931678386657,0.013291733154502744,0.0023711974197616337,0.0038,-0.0196,0.0123,-0.0009
200703,0.00679903873689359,0.006537724011931791,-0.0030923781255084923,0.0031500326395310536,-0.003092318516189496,0.0025624777185540796,0.0043,0.0070999999999999995,0.0009,-0.0089
200704,0.03488017437511412,0.035933876031128104,-0.02023635073359274,-0.014117234771049179,-0.02031053190972591,-0.013942596696055486,0.0044,0.0349,-0.022099999999999998,-0.0144
200705,0.032434318821628304,0.03203837449726903,-0.00014772102474871346,-0.0007571703512851552,8.981836788028025e-05,-0.001010416622902216,0.0040999999999999995,0.0323,0.0016,-0.0058
200706,-0.019616241970584678,-0.019907651535336406,0.005792896007074324,-0.011320240647203564,0.00574089233720282,-0.01116956800945204,0.004,-0.0196,0.0072,-0.0104
200707,-0.03741176664809315,-0.03741850922739624,-0.02825319026118063,-0.032956174140780996,-0.028403310166341907,-0.034039394246991456,0.004,-0.037200000000000004,-0.0269,-0.0371
200708,0.009208632531974119,0.009866291714275128,-0.0007399737273529813,-0.022012188305411885,-0.001181855661139989,-0.021578930313266742,0.0042,0.009399999999999999,-0.0013,-0.0189
200709,0.03231025255193526,0.03260397672531418,-0.022981040188455933,-0.02105409685051653,-0.023000167371712232,-0.021320157575213328,0.0032,0.0322,-0.022799999999999997,-0.0213
200710,0.01805482256164398,0.017984073391040748,0.0017215733470996586,-0.022986542595824954,0.0016800703412092124,-0.022818671823920042,0.0032,0.0179,0.0014000000000000002,-0.0282
200711,-0.048247284536173524,-0.04794199088421046,-0.029077893854923716,-0.010859700042180731,-0.028656851046555853,-0.009309067886454345,0.0034000000000000002,-0.048,-0.0281,-0.0109
200712,-0.00866818743657155,-0.008792397974653546,-6.53350657872382e-06,0.0025380929536350516,-5.3903643607712375e-05,0.000722285655699359,0.0027,-0.0087,0.0012,-0.0048
200801,-0.06349275437716272,-0.06296056476623221,-0.009719965256073222,0.03435708857473313,-0.010055915149253719,0.035702525062383486,0.0021,-0.0633,-0.0096,0.04019999999999999
200802,-0.030895122665425143,-0.031505156401376314,-0.007246658601936521,-0.0010986977267235867,-0.007086083495079245,0.00013540691568172253,0.0013,-0.030899999999999997,-0.0046,-0.0070999999999999995
200803,-0.009314119048952619,-0.00844610504959301,0.0057571485601124826,0.005775433163876023,0.005979924408666023,0.005322484015538002,0.0017000000000000001,-0.009399999999999999,0.0077,0.0034000000000000002
200804,0.04600060244032693,0.04579315084440841,-0.01788036373721589,-0.003887119795827121,-0.01795042489085938,-0.002321569583980977,0.0018,0.0461,-0.0174,-0.009899999999999999
200805,0.01851636549308357,0.017257515722914205,0.028997351090312245,-0.0007480873636062924,0.029357695365015497,-0.001351164377623948,0.0018,0.0187,0.029300000000000003,-0.015700000000000002
200806,-0.08450368630842153,-0.0849449413223139,0.011459291448332187,-0.011387752410890392,0.011729841070330913,-0.010147646551793468,0.0017000000000000001,-0.0843,0.0116,-0.024900000000000002
200807,-0.00766045277761161,-0.0072561066079270455,0.04097575113754222,0.025599683569976807,0.03808590991619026,0.029563893689742562,0.0015,-0.0075,0.026099999999999998,0.0521
200808,0.015241052003082931,0.014673810782347835,0.0354281405576282,0.015800693932898586,0.03552040993172982,0.015550889324362025,0.0013,0.015300000000000001,0.0339,0.0151
200809,-0.09240287473656097,-0.09280593133587356,-0.0028465907757063147,0.04680309847478678,-0.001703288447802001,0.04321557447851073,0.0015,-0.0935,-0.0106,0.0565
200810,-0.17229192915502733,-0.17255281824900753,-0.026818190130479952,-0.017320037357225926,-0.02472359553810871,-0.01978912762142629,0.0008,-0.172,-0.0229,-0.0192
200811,-0.07860013939674669,-0.07874534109368639,-0.03569066936374492,-0.056519649700964125,-0.0336034897024166,-0.05694920167181136,0.0003,-0.0774,-0.029900000000000003,-0.0621
200812,0.017763474597092693,0.01777941155976672,0.042101010266270396,-0.014120818494016855,0.04134072348480151,-0.012209455955402918,0.0,0.0177,0.0349,0.0002
200901,-0.08126588578481507,-0.08125977793869724,-0.012060804141239737,-0.09586334026688488,-0.009679283599466418,-0.10064743600519022,0.0,-0.0809,-0.0001,-0.1101
200902,-0.10129796673197634,-0.10208065867830055,-0.0023885071883337217,-0.06435093160745195,-0.0011184884315700722,-0.06849441947217397,0.0001,-0.1014,0.0014000000000000002,-0.0659
200903,0.0898351577670706,0.09028851848544958,0.0033383360546109103,0.03018823112465309,0.002061368357649765,0.030241624321724336,0.0002,0.0901,-0.0009,0.0347
200904,0.10192577403313129,0.10218590762430002,0.05371961761810973,0.046589301951193,0.05170920361528722,0.04668919980134778,0.0001,0.1017,0.0537,0.0537
200905,0.052113772839614346,0.05139689724596194,-0.029463050151043897,0.003713977119912608,-0.03164921068163222,0.00804324423016732,0.0,0.0521,-0.0242,0.0043
200906,0.004260285732085877,0.004255418846583727,0.02739867725564984,-0.027618552797385204,0.02675675547217064,-0.02675411897924298,0.0001,0.0042,0.0259,-0.0278
200907,0.0773413214130291,0.07731213229270342,0.024793937964348298,0.04423204047310339,0.024964100068418565,0.0441668582930672,0.0001,0.0774,0.0175,0.0489
200908,0.03331570469847812,0.033376262042797256,-0.007817182507639388,0.07386212910794007,-0.007938629786097225,0.07408915629350146,0.0001,0.0333,-0.011200000000000002,0.076
200909,0.040803203555686784,0.040603658688111936,0.024093256529227204,0.014865723806367408,0.024584400437916543,0.013489286431706313,0.0001,0.0408,0.024300000000000002,0.0115
200910,-0.02588115186661486,-0.02566764214777203,-0.0387664474593282,-0.04923664828254701,-0.039158501780322603,-0.049457721955598014,0.0,-0.0253,-0.0426,-0.0417
200911,0.05566690204503104,0.056053084524684604,-0.02444174098038242,-0.0019145348931832312,-0.025131430326132246,-0.0008109776772783905,0.0,0.056299999999999996,-0.025,-0.0033
200912,0.02746303127038524,0.027186928344178417,0.06248605151098842,-0.0034805605489347316,0.06276096957552932,-0.0033415156417661088,0.0001,0.027999999999999997,0.0601,-0.0011
201001,-0.03355898800502952,-0.034155844592719156,0.0030304721197276924,0.011059823899108458,0.0036990832899207945,0.00873209081778327,0.0,-0.0335,0.0043,0.0033
201002,0.034052559695865,0.03400315268291974,0.014446901293156372,0.027283325565035182,0.014912119861923513,0.02408616528668439,0.0,0.0339,0.0118,0.0318
201003,0.06313319146791176,0.0631700418017384,0.012813296614749614,0.02699420366212977,0.013045060654282958,0.027310921935790072,0.0001,0.063,0.0146,0.0219
201004,0.019966640216993337,0.020341930556181706,0.048853726381113446,0.032771405627484526,0.048803693928397174,0.03167272469790027,0.0001,0.0199,0.0484,0.0296
201005,-0.07901865988371608,-0.07886691906059227,-0.0010957602619893897,-0.02441927448448819,-0.00114498190807516,-0.025668209759479116,0.0001,-0.079,0.0013,-0.0248
201006,-0.055668646343646454,-0.05670782203041748,-0.021910019249756295,-0.04252236731889493,-0.022502279227903862,-0.043465179970081404,0.0001,-0.0556,-0.0179,-0.0473
201007,0.06933649758912286,0.07038279188692843,0.0004317637450290124,0.004058580559006125,0.000563003081643268,0.003627785061461483,0.0001,0.0692,0.0023,-0.0049
201008,-0.04775495790079339,-0.04813576423136269,-0.028205518097082508,-0.019382083029667832,-0.02774065677230634,-0.020808355382431004,0.0001,-0.0478,-0.0301,-0.0173
201009,0.09550313461935364,0.09592401568340907,0.03753407408976922,-0.030279649759344593,0.03761673519102926,-0.0310318553193384,0.0001,0.0955,0.0382,-0.0302
201010,0.038805830960610285,0.039262754903035324,0.009277340010897833,-0.02281767884457272,0.00960571065063931,-0.023411034145772506,0.0001,0.0387,0.0108,-0.0246
201011,0.005969886317318861,0.005693336181588874,0.03412750014007997,-0.010571609900589668,0.0340827854601462,-0.009672323522174214,0.0001,0.0059,0.036699999999999997,-0.009000000000000001
201012,0.06824966362256482,0.0686868770636583,0.0045809851660880835,0.0393089161295303,0.004593494897905878,0.04004371165986298,0.0001,0.0682,0.0072,0.0356
201101,0.0198455960507183,0.020022652920333006,-0.022023690524678653,0.007447924252754652,-0.021946045469825017,0.006898013675184533,0.0001,0.019799999999999998,-0.0229,0.0060999999999999995
201102,0.03490753228318822,0.0347484176667904,0.017551077651078453,0.013517576228947288,0.0179449282770186,0.01222524818409701,0.0001,0.0348,0.015,0.0118
201103,0.004550004279026358,0.00528580270332604,0.02548635188604988,-0.01639977321588436,0.025203586461101553,-0.016078804161885722,0.0001,0.0045000000000000005,0.024900000000000002,-0.0184
201104,0.02909010792584943,0.029229794334058406,-0.0019595261085655936,-0.025264732895443665,-0.0016655494728005406,-0.026309502302905772,0.0,0.028999999999999998,-0.0042,-0.024399999999999998
201105,-0.012679504366756515,-0.012427640409266598,-0.006543528708378717,-0.01825357743796288,-0.006399707459584993,-0.01919920643005718,0.0,-0.0127,-0.0073,-0.018500000000000003
201106,-0.017387957333627746,-0.017013214351883396,-0.0023715279708970555,-0.005649927384484936,-0.002696755825440409,-0.005141724838270342,0.0,-0.0174,-0.0027,-0.002
201107,-0.023609201458787147,-0.023197169949634673,-0.013707612372649294,-0.009496341545634113,-0.01407118556493362,-0.008801179375990037,0.0,-0.0235,-0.0118,-0.009000000000000001
201108,-0.059821833499390395,-0.06016805791811668,-0.029445331037041618,-0.016921431162361264,-0.029480374319175003,-0.017905312757088412,0.0001,-0.0596,-0.0296,-0.024300000000000002
201109,-0.07588502770119905,-0.07596183969614433,-0.032033239226744836,-0.018110318190795976,-0.032282317723793835,-0.016756379134132027,0.0,-0.0758,-0.031200000000000002,-0.015300000000000001
201110,0.11358177759983995,0.11355938036864087,0.03184094182135776,-0.0025189542374188384,0.03244397331889699,-0.0033780058052626794,0.0,0.1133,0.0305,0.0006
201111,-0.002746724925610818,-0.002700226320224269,2.187521462114657e-05,-0.00369881952510669,0.00018030320520986444,-0.0036566258617467514,0.0,-0.0027,-0.0018,-0.0052
201112,0.007440883564817853,0.0076144026700498725,-0.004903666467817208,0.015480107122918167,-0.00460417914162035,0.015555478458686562,0.0,0.0075,-0.005600000000000001,0.0154
201201,0.05050476512878857,0.05044451615464097,0.022134601988296747,-0.01429899900885663,0.02238772153268386,-0.016225214964939894,0.0,0.050499999999999996,0.020099999999999996,-0.009300000000000001
201202,0.04426814421020023,0.04423001558073214,-0.017914589887686815,0.0031547083662210457,-0.01804008485781981,0.002793137074442925,0.0,0.044199999999999996,-0.0184,0.0042
201203,0.0312916034282846,0.031212939207539512,-0.0046700718297421305,0.002260514523014838,-0.004784520517541149,0.0016078765958987065,0.0,0.031200000000000002,-0.0063,0.011899999999999999
201204,-0.008557469143045837,-0.00823569237265368,-0.003472077008642469,-0.008820569746259055,-0.0032835598436411623,-0.00869222324213795,0.0,-0.0085,-0.0037,-0.0077
201205,-0.061951115979541733,-0.06201934583530672,0.002156579208593995,-0.007002478279933999,0.0022924364392631763,-0.007156332682765554,0.0001,-0.0617,0.0012,-0.0095
201206,0.03900917909123519,0.0385937550285955,0.008185107983001351,0.005071326084233933,0.008846041567340215,0.004212680859342059,0.0,0.038900000000000004,0.0072,0.0055000000000000005
201207,0.00796044661827059,0.008148547727106931,-0.024877977716782847,-0.0004976616147080821,-0.024909444036245367,-0.0008596036159508021,0.0,0.0079,-0.0276,-0.0006
201208,0.025474537707472194,0.02583783162762264,0.00783002631520462,0.006191601291225059,0.007756128194504351,0.006363388455550602,0.0001,0.0254,0.0048,0.0125
201209,0.027307240867138826,0.026503377803135678,0.006139899896634771,0.014984810975458306,0.006295321684392556,0.01450956903824361,0.0001,0.0273,0.0045000000000000005,0.0163
201210,-0.017648157235742094,-0.017555807728347576,-0.01063012758562565,0.04204867040793101,-0.011010127427540331,0.04239521977379475,0.0001,-0.0176,-0.011000000000000001,0.0352
201211,0.007784072815707649,0.006961167541174762,0.008373432697566153,-0.013478691112492128,0.008344651275553424,-0.013072622452668943,0.0001,0.0078000000000000005,0.006,-0.0087
201212,0.011723940348309269,0.011788197749485772,0.016408642564156792,0.03181495061580448,0.016365108948906627,0.03177737811895509,0.0001,0.0118,0.0149,0.0352
201301,0.0557634273000716,0.05496527228288527,0.003584826722149548,0.013202117434460328,0.003601274642511136,0.01291146969994219,0.0,0.0557,0.0028000000000000004,0.0101
201302,0.012912501130021492,0.012718504731954535,-0.0038361389518544,0.0030571930341685323,-0.00364771531464402,0.00250373906569595,0.0,0.0128,-0.0029,0.0018
201303,0.040408126901257266,0.040272197124555695,0.008567847945958294,-0.0002232814419361323,0.008831690930840068,-0.001019118305265139,0.0,0.0404,0.0083,-0.0021
201304,0.015598001798854575,0.015661097623461358,-0.02519674604582079,0.003272785028067206,-0.0252197188565664,0.002763080163990566,0.0,0.015600000000000001,-0.023700000000000002,0.0046
201305,0.02804796813262422,0.027994616159443503,0.02017481962448007,0.01438610763327098,0.020021010498272956,0.014251424129717714,0.0,0.027999999999999997,0.0167,0.0271
201306,-0.011955090510776279,-0.01223095730248399,0.009027723856293633,-0.00376291350953549,0.009308141589755332,-0.0037353740250575147,0.0,-0.012,0.0131,-0.0004
201307,0.056520769190894896,0.05650154000477251,0.018675497840959225,0.009328721108089494,0.01874407226806242,0.008974555353909092,0.0,0.0565,0.0182,0.005699999999999999
201308,-0.027083759148109784,-0.027053287057552198,0.0030039134911835907,-0.025408975462413545,0.0030449986756775974,-0.02585105668165626,0.0,-0.0271,0.0032,-0.0273
201309,0.037700287214759744,0.037582641187535626,0.028282287013068695,-0.014649363420541739,0.028650271820219855,-0.015433936082612135,0.0,0.0377,0.028900000000000002,-0.0118
201310,0.04180726216991889,0.042064392455321606,-0.016283474695428308,0.01591263640794094,-0.01622752576902074,0.015464387408536465,0.0,0.0417,-0.015600000000000001,0.012199999999999999
201311,0.03130607948480023,0.031764233132205895,0.01164073571205207,-0.0013541141214253802,0.011603241409826992,-0.0013931353116584458,0.0,0.0311,0.0131,0.0019
201312,0.028163358966969296,0.026216061523833975,-0.0036273205343184817,-0.0025830292238887415,-0.0033049466952699905,-0.002919352462803712,0.0,0.0281,-0.0044,0.0
201401,-0.03320675399186954,-0.03298680600042774,0.007763862606429004,-0.018259419182422916,0.008336036050877786,-0.019592258751355143,0.0,-0.0332,0.009300000000000001,-0.0199
201402,0.04665490303895378,0.047058668695116025,0.004465167200561282,-0.008026706978875295,0.004076423921223329,-0.006452864482765497,0.0,0.0466,0.0036,-0.0034999999999999996
201403,0.0044318882754328815,0.00465000970122702,-0.01784903142678898,0.04564582351069019,-0.01848035946616406,0.04686577624718872,0.0,0.0043,-0.018600000000000002,0.049
201404,-0.0018602052389289582,-0.0006899934369442198,-0.04255427680348775,0.016808921088273678,-0.04229936210656228,0.016525240623106903,0.0,-0.0018,-0.0418,0.012199999999999999
201405,0.020663383656863318,0.02026601940542933,-0.01735130439031619,-0.002542205692203153,-0.017337079691237316,-0.00209167612660747,0.0,0.020499999999999997,-0.018500000000000003,-0.001
201406,0.02612638153533789,0.025653740752527666,0.029080738589612427,-0.004033638657079827,0.028938177800174183,-0.0033115336546691992,0.0,0.026000000000000002,0.0305,-0.0070999999999999995
201407,-0.02042402778232042,-0.020277903911856035,-0.041852453418921354,0.00027828677842046956,-0.041802876088955415,0.00018365219717199344,0.0,-0.0203,-0.0417,-0.0008
201408,0.042406505866861906,0.042142810519450465,0.006264124352222497,-0.010515869398436788,0.006148486781651918,-0.00978170088778936,0.0,0.0424,0.004,-0.0058
201409,-0.019715602650069265,-0.019829316354705365,-0.036957911351886745,-0.018389144699471175,-0.036848313436866634,-0.01858281411032724,0.0,-0.0196,-0.036000000000000004,-0.0147
201410,0.025252054594311176,0.02624788863603301,0.04040431569282085,-0.02001800585012616,0.040585831515823304,-0.01933766085096077,0.0,0.025099999999999997,0.04019999999999999,-0.0167
201411,0.02550214259028376,0.025660963794789673,-0.02127232096289806,-0.037197910892743914,-0.021035183017889866,-0.03726877227258063,0.0,0.0256,-0.020499999999999997,-0.0313
201412,-0.0005458730954873858,-0.000744731499879265,0.024957375522957653,0.01654643153322683,0.024911915466525224,0.015837431165241524,0.0,-0.0005,0.0252,0.021099999999999997
201501,-0.031169488202597146,-0.030931094829255268,-0.007427896794766707,-0.032397912220364714,-0.0073824805167426455,-0.03226678358281258,0.0,-0.031,-0.0060999999999999995,-0.0348
201502,0.06134211227035962,0.06145507809894652,0.005227689678126236,-0.021315903424520263,0.00555919525623793,-0.021976822662415338,0.0,0.0613,0.0064,-0.0175
201503,-0.011260715148741244,-0.01146972054461948,0.03314656294167532,-0.009013420396213782,0.03306109440131182,-0.007966611105422319,0.0,-0.0111,0.030600000000000002,-0.0038
201504,0.005933321230349175,0.006546526974822545,-0.031492802788999366,0.022384157035881237,-0.031557206648472114,0.021980985928022313,0.0,0.0059,-0.0298,0.0181
201505,0.013623455318526654,0.013408576852966389,0.010843542196234348,-0.019069264471237905,0.010975972312011842,-0.018602574846550084,0.0,0.0137,0.0096,-0.011000000000000001
201506,-0.015322555344740557,-0.015180159227730652,0.028937490520151675,-0.007977189222749384,0.029385478626981192,-0.008424917635567278,0.0,-0.0152,0.029500000000000002,-0.008
201507,0.01540200842271204,0.013929494576289565,-0.03966161122663071,-0.04214000135993497,-0.0395487858613482,-0.04245838407392735,0.0,0.015700000000000002,-0.0417,-0.0416
201508,-0.060418047146909605,-0.060826177093685936,0.005808713874766246,0.028062273898962785,0.0055455250345835885,0.028116966023054427,0.0,-0.0602,0.0037,0.0275
201509,-0.03069611169168374,-0.02997143603864384,-0.02700904516468577,0.009470054568714331,-0.027066549398456957,0.009059972512318597,0.0,-0.030600000000000002,-0.0263,0.0055000000000000005
201510,0.07755826086610315,0.0766362110329263,-0.01901530281552065,-0.003974689480140278,-0.01890516629314607,-0.0038583427299595935,0.0,0.0775,-0.0191,-0.0046
201511,0.0056829856328432255,0.005948836679163649,0.03716321187990481,-0.012196988462053655,0.03734326849127023,-0.012205710234947011,0.0,0.005699999999999999,0.0358,-0.0043
201512,-0.02168042306885028,-0.02252740144919266,-0.029456393645716054,-0.022573481591397875,-0.02946559753512425,-0.022373875147341415,0.0001,-0.0215,-0.027999999999999997,-0.025699999999999997
201601,-0.05763373894729581,-0.05879972836529142,-0.034737802163371925,0.026907065827404653,-0.034682581379516145,0.026034310886030976,0.0001,-0.0574,-0.034,0.0208
201602,-0.0006812590889854496,-0.0001736346003333316,0.008228496127263884,-0.007326213035759235,0.008152047019841114,-0.006289004357192825,0.0002,-0.0006,0.0073,-0.0060999999999999995
201603,0.06964596943180695,0.0696795135481361,0.006699090130673199,0.01643377015445334,0.006650932626891953,0.016074504716316232,0.0002,0.0695,0.0075,0.0123
201604,0.009091207463516215,0.009936778311288995,0.0059240883286977575,0.03454291986548324,0.005860075974442179,0.03429731650247207,0.0001,0.0092,0.0077,0.0322
201605,0.01786975366648855,0.01753077180751096,-0.0006602098479960468,-0.01727605758867483,-0.0007540114668454726,-0.016853258376840013,0.0001,0.0178,-0.0018,-0.016200000000000003
201606,-0.00047607859302630743,-0.000297168607770305,0.002031549444481601,-0.005803165203813048,0.00191989797808743,-0.0053058192993149875,0.0002,-0.0003,0.006,-0.0149
201607,0.03953896997681553,0.03913162541376803,0.028761261164437175,-0.013408620387470767,0.029430292961815,-0.01425382311524731,0.0002,0.0394,0.024700000000000003,-0.0127
201608,0.004932484439361172,0.004635021327720447,0.011448977754344827,0.01774900328915622,0.011248708910160112,0.018321215278563164,0.0002,0.0049,0.011899999999999999,0.0317
201609,0.0025491595918801287,0.00280986121923514,0.017783961353816408,-0.007238117388375317,0.017982370167543074,-0.007718983938156667,0.0002,0.0027,0.0209,-0.012199999999999999
201610,-0.020285053704968654,-0.020583450818174778,-0.040179367158290666,0.037743009511436366,-0.040193938515827005,0.03715158760391826,0.0002,-0.020099999999999996,-0.0441,0.040999999999999995
201611,0.04872355438162408,0.0492583638687204,0.060103729525373205,0.07026234001261035,0.05918169758745158,0.07090489328244834,0.0001,0.048600000000000004,0.055999999999999994,0.0832
201612,0.01810047389967126,0.018142936052039794,-0.00042760535536163005,0.03452239425700702,-0.000530096544860189,0.03422979321069357,0.0003,0.0181,0.0013,0.035
201701,0.01935132827107466,0.019217351187348207,-0.01072248463246574,-0.023264542312579323,-0.010251207965614666,-0.023755728227393684,0.0004,0.0194,-0.0116,-0.0274
201702,0.03566252582062048,0.03590167833136138,-0.020064649617645473,-0.019328001166026298,-0.019939933664275274,-0.01922138610224929,0.0004,0.0355,-0.0213,-0.0152
201703,0.0017193018867090628,0.0016885385530134318,0.0077284013834411636,-0.034535154960495855,0.007961234007052046,-0.034696031911482614,0.0003,0.0017000000000000001,0.0113,-0.0333
201704,0.01092939297921059,0.010112296275777213,0.002675861014814088,-0.0193353776511313,0.0031761898967444238,-0.020841779558746772,0.0005,0.0108,0.0068000000000000005,-0.0208
201705,0.010643069277979486,0.010188562281873648,-0.02726651114802812,-0.03278672994317083,-0.02669622481564504,-0.03369533347413285,0.0006,0.010700000000000001,-0.025099999999999997,-0.0382
201706,0.00782759467203656,0.008668121809712551,0.02586315487799469,0.0006553255457173064,0.025289231314115014,0.0013848559976159629,0.0006,0.0079,0.0222,0.0151
201707,0.018755089781377632,0.018847863242921425,-0.014369450221298732,0.004643301093967539,-0.014256367500046465,0.004387495850305739,0.0007000000000000001,0.018799999999999997,-0.014499999999999999,-0.0023
201708,0.0016532136371628719,0.0013947374994879981,-0.016393205976199234,-0.02115152459794007,-0.016104678222341233,-0.021599845548293695,0.0009,0.0018,-0.0167,-0.0213
201709,0.02517228598633631,0.025352878332534707,0.04047850658934021,0.023970271933523808,0.04044247848606179,0.02488473314817014,0.0009,0.024900000000000002,0.044500000000000005,0.0315
201710,0.02245791562951016,0.022146955944441677,-0.016062935845771353,-0.006815146772302341,-0.015725237062998353,-0.006993183231210204,0.0009,0.0226,-0.019299999999999998,0.0013
201711,0.03131693864649574,0.03199819900255079,-0.006537485145763678,-0.0006314942544907096,-0.006654083008170341,0.0005627704006778769,0.0008,0.031200000000000002,-0.006,-0.0009
201712,0.010550028439982003,0.010049667958652177,-0.010461304474916621,-0.0010065275831650754,-0.01043970493705628,-0.0006028005574123373,0.0009,0.0106,-0.0132,0.0005
201801,0.05581969711901627,0.05501492935156768,-0.027082992447374426,-0.027266368056054882,-0.026667758050376928,-0.028735352128345965,0.0011,0.0558,-0.0316,-0.0132
201802,-0.03647096664423079,-0.03610109405673888,0.002082599037299189,-0.012855261383933586,0.002236920145396566,-0.013078140937439281,0.0011,-0.0364,0.0027,-0.011000000000000001
201803,-0.023545412261509004,-0.022521791636100203,0.036145842924535834,0.0034830153957433,0.03564883455133617,0.003910463738517127,0.0012,-0.0235,0.0405,-0.0021
201804,0.0028827215490846254,0.0035818130184437306,0.010342565437621059,0.007791875595887371,0.010121794523352805,0.00830772007480926,0.0014000000000000002,0.0027,0.0109,0.0053
201805,0.026475976415267097,0.025977058403181423,0.05054269140150344,-0.0347752133113449,0.05109131439989128,-0.03550418773484813,0.0014000000000000002,0.026600000000000002,0.0524,-0.031400000000000004
201806,0.004714995670841185,0.0040993906827324214,0.006534748307390139,-0.013174741400859613,0.0068595478520793104,-0.013655596087956617,0.0014000000000000002,0.0049,0.0111,-0.0233
201807,0.03197475883211616,0.0317879104623176,-0.020378685708758913,0.0004036549937091842,-0.02021401563979537,0.00026503640331729597,0.0016,0.032,-0.0222,0.004699999999999999
201808,0.034484044935118925,0.03508678867295251,0.013525499589662652,-0.046560916705092874,0.013965763447296654,-0.045439853463900275,0.0016,0.0345,0.011699999999999999,-0.0393
201809,0.0005950085957578911,0.0002034949163706968,-0.024264260610815932,-0.010050547653242004,-0.02433036268200986,-0.009486943857163662,0.0015,0.0006,-0.0229,-0.0168
201810,-0.07679313540685499,-0.07648188375340627,-0.045170244537793,0.03382262875728907,-0.04559906027137539,0.03351938702378861,0.0019,-0.0765,-0.0467,0.034300000000000004
201811,0.016929892213332926,0.016270499887095568,-0.006273621949552404,0.0015825193229446824,-0.006629566240285831,0.0012661780779578274,0.0018,0.0171,-0.0072,0.0034000000000000002
201812,-0.09554482963555158,-0.09696574216305409,-0.025047951756042408,-0.01150462008020639,-0.024538059422912165,-0.01203587469670278,0.0019,-0.0955,-0.0233,-0.018799999999999997
201901,0.08402766345409586,0.08455410470456223,0.026927546369706984,-0.002047134686365429,0.02682237268655674,-0.001892666708779911,0.0021,0.0837,0.0273,-0.004
201902,0.03404655870068217,0.035143191266030264,0.019578883820642583,-0.029437451952110116,0.019213619575317357,-0.02920551149987774,0.0018,0.0342,0.020499999999999997,-0.026600000000000002
201903,0.011030971538032256,0.01032450322561763,-0.03265595165641612,-0.035012413866072234,-0.03201632181754547,-0.03519709791881359,0.0019,0.011000000000000001,-0.030600000000000002,-0.0416
201904,0.03967617148802509,0.03998693033379543,-0.012894422612846068,0.012363265905034025,-0.012972681494936779,0.012626559475453318,0.0021,0.0397,-0.0169,0.0213
201905,-0.06949095788493358,-0.06849407048802628,-0.015149079310387212,-0.01743707196604248,-0.01501885974178245,-0.01703267844233773,0.0021,-0.0692,-0.012199999999999999,-0.0236
201906,0.06933346772350667,0.07065865783891279,0.0012159659151898122,-0.009520277019542708,0.0004728029545514878,-0.008300449818257435,0.0018,0.0699,0.001,-0.0072
201907,0.011926869977925756,0.011374619664014419,-0.017739406780018615,0.00033045919485535837,-0.018224863730769612,0.0019178993753290793,0.0019,0.0123,-0.0196,0.005
201908,-0.02570650002183496,-0.024888825582135395,-0.029725468985102442,-0.043272681885569236,-0.027497800321729382,-0.04691087867187961,0.0016,-0.0255,-0.0239,-0.04769999999999999
201909,0.014307789780659278,0.015057224697659289,-0.006121980493100053,0.06332149493710656,-0.007717000696515031,0.06516539318064483,0.0018,0.0141,-0.0097,0.0676
201910,0.02071551033309997,0.02095640720929745,0.002435735918438757,-0.02025078767165853,0.002625167751892799,-0.020588940360399835,0.0015,0.0207,0.0027,-0.0192
201911,0.0387895852250539,0.03862565750498457,0.00822537239652877,-0.02044656457191829,0.008624004716306935,-0.02087255174780836,0.0012,0.0387,0.0072,-0.02
201912,0.027720822947200845,0.02764015342222423,0.009109007467376903,0.016322781678746942,0.008601738629972842,0.01673994881901128,0.0014000000000000002,0.0277,0.0076,0.0173
202001,-0.0011004140697273186,-0.0024809606251829227,-0.03367957616518049,-0.06013080211250615,-0.031202244261914865,-0.06293109527499893,0.0013,-0.0011,-0.031,-0.0622
202002,-0.08145486008767357,-0.08194587036777025,0.00949376739840184,-0.035626482986824706,0.010714220017938147,-0.037114708116135084,0.0012,-0.0815,0.0108,-0.0382
202003,-0.13384592323232858,-0.13288985284856766,-0.06319515176495041,-0.1269756781849216,-0.05682430244764322,-0.1359538534861185,0.0012,-0.13369999999999999,-0.046900000000000004,-0.1383
202004,0.1365780635947154,0.13686542976274113,0.029335708733819077,-0.021243778478845343,0.02580941229429365,-0.011955964489985371,0.0,0.136,0.025,-0.0134
202005,0.05589126623797309,0.05441886391137255,0.027476996510951042,-0.0510874448389744,0.027063708694262202,-0.048981044968686244,0.0001,0.0557,0.024,-0.05
202006,0.02458977593959924,0.025111860981849112,0.02773047215379524,-0.02272923682643143,0.025963179759437127,-0.017987939063655048,0.0001,0.0245,0.026699999999999998,-0.0217
202007,0.0577450512156504,0.058425111072708924,-0.02185183868841751,-0.010084922777326692,-0.019997655488892974,-0.011004940693936517,0.0001,0.0583,-0.0235,-0.0144
202008,0.07628385708995945,0.07551185191205764,0.0014070242521949383,-0.02916075021724493,0.00254737093310526,-0.029638638056623673,0.0001,0.0762,-0.002,-0.0302
202009,-0.036317033483131325,-0.035674712900316284,7.83090044803661e-05,-0.01985384725600686,-0.001080897368484636,-0.020200022100261908,0.0001,-0.0364,0.0006,-0.027200000000000002
202010,-0.02108509827502372,-0.022366953684923037,0.03519569326436013,0.04084535669006545,0.0377549726788114,0.03864304921972976,0.0001,-0.0208,0.0434,0.0425
202011,0.12474247879567209,0.12382781943336403,0.06503717358905525,0.019544110376381374,0.06431469332805403,0.020471362356825534,0.0001,0.1245,0.0581,0.0209
202012,0.046311424415268504,0.04737179926593502,0.05164363346751052,-0.024653555525645313,0.05120170257058616,-0.024148798117854323,0.0001,0.0463,0.0501,-0.0168
202101,-0.000249561206732073,-0.0020754402896708854,0.07648592375394235,0.031629704084438715,0.07659336479540275,0.031409455460898135,0.0,-0.0007000000000000001,0.07139999999999999,0.0322
202102,0.027828656368479834,0.027707899559392103,0.02061795437714608,0.04598306387034208,0.020709885557293924,0.04621661861297353,0.0,0.0281,0.0202,0.07200000000000001
202103,0.030929455666660666,0.033492139770753326,-0.02604059503359491,0.06639693282893584,-0.027341884107644463,0.0671319366555847,0.0,0.0317,-0.0233,0.0735
202104,0.04931024666866937,0.04862972067513979,-0.036327176493590255,-0.009364170332298506,-0.034043849477575217,-0.011637538326329563,0.0,0.0495,-0.0319,-0.0102
202105,0.002875471854638358,0.003268853945828887,0.00014084025496621105,0.06793972402764628,-0.0008078011241943878,0.06883825963078996,0.0,0.003,-0.002,0.0704
202106,0.027549719192701484,0.026796174065908094,0.02375347149289204,-0.06196560335939873,0.025272716144665662,-0.06320555718341402,0.0,0.0274,0.017,-0.0786
202107,0.012700254652810855,0.013739410227382332,-0.04147625123115483,-0.01598489373615774,-0.0392886554632592,-0.01748877834501124,0.0,0.0134,-0.0393,-0.018000000000000002
202108,0.02911045136083553,0.028390349887806695,-0.0050251529327963555,-0.0012105627231537575,-0.0037760893714270417,-0.002150497855230884,0.0,0.0294,-0.0032,-0.0023
202109,-0.04365140137455469,-0.042559053488158145,0.0066706229496286025,0.05450414101376152,0.005663819976713183,0.05451476148428368,0.0,-0.044000000000000004,0.0066,0.0512
202110,0.06657052154348898,0.06599658788028538,-0.02732102353582836,-0.0016950056235914349,-0.02554389803792704,-0.002343594323716454,0.0,0.0663,-0.0226,-0.0053
202111,-0.015474273603041388,-0.013802188513844151,-0.015880082083802084,-0.0022409396422835848,-0.01566119355312095,-0.0021187981764154845,0.0,-0.0158,-0.0131,-0.0037
202112,0.031024708081253707,0.03372069251688464,-0.017456894892463708,0.031391568624839064,-0.01869150236411304,0.03240235391377562,0.0001,0.0323,-0.0163,0.0325
202201,-0.06247209172531709,-0.059260108816518206,-0.05820442040651114,0.12797378875944543,-0.05956213409853245,0.12822649154198162,0.0,-0.0616,-0.0593,0.1286
202202,-0.022859233277748223,-0.02361362206982115,0.02153366680717836,0.03572505672207552,0.021317857382356968,0.03531157094952476,0.0,-0.022799999999999997,0.0216,0.030600000000000002
202203,0.03065728961370192,0.031840899096978396,-0.013813581854149205,-0.01905737098183466,-0.013658822421306959,-0.018193786061029477,0.0,0.0308,-0.0155,-0.019
202204,-0.09450432210632363,-0.09165632445538785,-0.012922341000658366,0.06589603113185935,-0.01573659656421353,0.06690496355690545,0.0,-0.0941,-0.013500000000000002,0.061799999999999994
202205,-0.0033471474219683153,-0.0024382228447932404,-0.017778897413725216,0.09150615123330808,-0.019163479950745303,0.092173500735617,0.0003,-0.0034000000000000002,-0.0184,0.08439999999999999
202206,-0.0844007835047298,-0.08365720952930589,0.012873440575283154,-0.057661362967554475,0.013750290118616892,-0.057385078066292255,0.0006,-0.084,0.0207,-0.06
202207,0.0956942992969189,0.09643109651177913,0.027445817458401578,-0.04447397617030588,0.028292673788271383,-0.044161477232501564,0.0008,0.09570000000000001,0.0286,-0.041299999999999996
202208,-0.037772727368618454,-0.03725506969166743,0.013547341719300781,0.009031029712558505,0.012307043054662773,0.009368102271115012,0.0019,-0.0377,0.0141,0.0018
202209,-0.09359863678761503,-0.09311242754539227,-0.007690184355477414,-0.004169394818509739,-0.007866475777697446,-0.003845349678007509,0.0019,-0.0934,-0.0076,0.0003
202210,0.07839153876654116,0.08011538842461186,-0.00047702832305576703,0.07930650304184014,-0.0031696630712766405,0.08081535107506502,0.0023,0.0785,0.0001,0.0797
202211,0.04616757282661074,0.04637597596735052,-0.039223408572841546,0.015981643933626496,-0.03896540871477473,0.015672717361257624,0.0029,0.04650000000000001,-0.035699999999999996,0.0148
202212,-0.06407875212205007,-0.0632651841690627,-0.0071308507881844355,0.012027251120664759,-0.0085604979196734,0.012387006572320655,0.0033,-0.0638,-0.0076,0.0134
202301,0.0664464709311914,0.06579113964599194,0.050000917212004364,-0.038415602808081095,0.051156178289432315,-0.03882772367690565,0.0034999999999999996,0.0661,0.0501,-0.0394
202302,-0.025881697412118165,-0.024837720769813186,0.008523146354465872,-0.008801449406201388,0.007837208633941065,-0.008109516134559132,0.0034000000000000002,-0.025699999999999997,0.0105,-0.008
202303,0.025117012607359615,0.02387782051926878,-0.059660368246401856,-0.0892482357577379,-0.05642614221895057,-0.09047388167797153,0.0036,0.0248,-0.0548,-0.09050000000000001
202304,0.006065878777009606,0.005481717632989222,-0.03284399736182325,-0.0009698072191502436,-0.03237618271987041,-0.001507212001627155,0.0034999999999999996,0.0062,-0.0337,-0.0012
202305,0.0034918947233578143,0.0018235813324088386,0.015714795601197144,-0.0807426986124697,0.01978944377560914,-0.08229608767972438,0.0036,0.0034000000000000002,0.016,-0.0779
202306,0.06470702232282954,0.06644562675052246,0.018972696844186954,-0.007161375702285894,0.017209876223911652,-0.00681198442683803,0.004,0.0646,0.0149,-0.0013
202307,0.03214713164930795,0.03132534218328041,0.0253964753323543,0.03992930842230478,0.026246385148383268,0.039974004093414464,0.0045000000000000005,0.0321,0.020499999999999997,0.0406
202308,-0.023823413707663773,-0.024901162714311805,-0.03702444013290737,-0.008141779894582826,-0.03578098106411731,-0.00882448340407209,0.0045000000000000005,-0.0236,-0.0313,-0.0115
202309,-0.05247282484089954,-0.05261294385943288,-0.025114141376555252,0.013470088727887825,-0.025672502348369437,0.013394349472789245,0.0043,-0.052300000000000006,-0.025,0.015
202310,-0.03184355263153142,-0.03122502964374922,-0.04436700460536358,0.0051956672496803954,-0.044394636768493034,0.005924029982001734,0.004699999999999999,-0.0315,-0.0387,0.0022
202311,0.08837401038079001,0.08923376961115645,0.0014749579227410492,0.001093359440225039,0.001575093289251095,0.0024962378495358567,0.0044,0.0888,-0.0011,0.0166
202312,0.048669416795383495,0.0488440945127569,0.07063892337299521,0.03125897009208868,0.0704542326683473,0.03081516794723449,0.0043,0.048499999999999995,0.06280000000000001,0.0487
202401,0.0070715340380807755,0.007043365038319651,-0.05472954757575178,-0.016491025415643137,-0.05460086025012147,-0.01571475402552018,0.004699999999999999,0.0073,-0.0504,-0.023700000000000002
202402,0.05071703006287709,0.05179057519622691,-0.0007326443456248527,-0.03494825074238571,-0.002197630789777777,-0.03393684371632598,0.0042,0.0507,-0.0026,-0.034300000000000004
202403,0.028305459898979146,0.02736054269185264,-0.021017075916944673,0.04191564417227408,-0.02072096132643054,0.04189341196163762,0.0043,0.028399999999999998,-0.025,0.0416
202404,-0.046725986529808666,-0.04850559376683804,-0.027131403861758253,-0.004194935866241499,-0.025132600728411704,-0.005919495612629472,0.004699999999999999,-0.04650000000000001,-0.023799999999999998,-0.0045000000000000005
202405,0.04336196371821073,0.04327050160640539,0.006839338220858179,-0.014341498662466055,0.007550401453940647,-0.014712974874103155,0.0044,0.0433,0.0053,-0.013300000000000001
202406,0.027734587931823297,0.02822242298705513,-0.03267347643463091,-0.04229891493271531,-0.030814884538634423,-0.04234059270425221,0.0040999999999999995,0.027999999999999997,-0.03,-0.0336
202407,0.012415867624113133,0.013342463775525344,0.07253204839077032,0.057382255289072856,0.06954335702957642,0.05814208864442819,0.0045000000000000005,0.012199999999999999,0.0681,0.0557
202408,0.01618248020114673,0.01687708790464759,-0.034631551059834426,-0.010780892712356221,-0.03546449300900223,-0.01007908642177656,0.0048,0.016,-0.0349,-0.0113
202409,0.01745208927537221,0.017789613977494307,-0.0055641398690957225,-0.018667552611527825,-0.005247465041768462,-0.018732776975675252,0.004,0.0172,-0.0013,-0.0273
202410,-0.009686955005015093,-0.01072562012824649,-0.009026503360072161,0.009163102754898851,-0.008143866460615226,0.008501786584020041,0.0039000000000000003,-0.01,-0.0095,0.0091
202411,0.06503472201284566,0.06649237067873004,0.05268403658937844,-0.011109088908815429,0.051026194993395765,-0.009037733760092592,0.004,0.0649,0.0449,0.0038
202412,-0.0317223527472907,-0.03371076198676459,-0.028655469807211266,-0.028027831176529405,-0.023984723182506405,-0.02952412475397026,0.0037,-0.0317,-0.027000000000000003,-0.0297
202501,0.02827059048113264,0.027109404338497102,-0.02231904166462215,0.01506633769514264,-0.021254150546590116,0.01633166845848127,0.0037,0.027999999999999997,-0.02,0.0176
202502,-0.02488034580967736,-0.0224888706026519,-0.057762247357306645,0.048335514529444255,-0.061550317532834374,0.05007963144129414,0.0033,-0.024399999999999998,-0.057699999999999994,0.0484
202503,-0.0641761402595882,-0.0640422116067003,-0.02673437647279655,0.03347815202200324,-0.02860093731358271,0.032940061048292044,0.0034000000000000002,-0.0639,-0.027200000000000002,0.0287
202504,-0.008048774226044914,-0.008979525497421537,-0.0068960624482094154,-0.03700687651188167,-0.004905410402787844,-0.037332963467639285,0.0034999999999999996,-0.0084,-0.005699999999999999,-0.0329
202505,0.06158946667965251,0.061399611839500615,0.010031258726790782,-0.032850288124261995,0.011154834910533408,-0.033576003263777916,0.0038,0.060599999999999994,0.0060999999999999995,-0.0281
202506,0.04922545817478707,0.04977634502915464,0.012672251633969206,-0.019603736088874855,0.012216532513133802,-0.019505819744552004,0.0034000000000000002,0.048600000000000004,0.0070999999999999995,-0.0143
202507,0.020041382221193435,0.019650762766635774,0.0025807425184562315,-0.016643044086258017,0.002914758450786972,-0.014262788545057314,0.0034000000000000002,0.019799999999999998,0.003,-0.0134
202508,0.01755674568321726,0.016523068872858208,0.03734677863572909,0.045634840142844,0.03883322452514638,0.045098063135394204,0.0038,0.0184,0.038,0.0437
202509,0.03432078754019561,0.032474542852842854,-0.015104696509707237,-0.018314720553511306,-0.012663934238457249,-0.018062579847751052,0.0033,0.0339,-0.0183,-0.0105
202510,0.019551685995099405,0.01731310032486657,-0.00019085679628181793,-0.04207532779275383,0.0017738938253788888,-0.039517094808241796,0.0037,0.0196,-0.005699999999999999,-0.0318
202511,-0.002608161467918589,-0.005435850090885109,-0.002844298845827927,0.05313160112855267,0.0014377034954282004,0.04663693316318185,0.003,-0.0013,0.004,0.037599999999999995
202512,-0.0036198633238793665,-0.003009672800491827,-0.009511318677841782,0.006871159778342089,-0.012392924972675563,0.011135591778922902,0.0034000000000000002,-0.0036,-0.0104,0.024
