ym,S/L,S/M,S/H,B/L,B/M,B/H
200107,-0.09618357877853145,-0.03929991994580722,-0.013483169552230558,-0.017056056664474153,-0.011480499204104842,-0.00013613816861355707
200108,-0.07479119777150404,-0.025882442822016554,-0.009922017609687117,-0.0697371880906408,-0.0404947494481071,-0.05665390330353327
200109,-0.17178044632086018,-0.13104735924827274,-0.1456738222789063,-0.0802517651305461,-0.10195863861229294,-0.07773834199156374
200110,0.11271594279962367,0.051452006769287295,0.04716525251510901,0.031244400527782126,0.010923266402868484,-0.03219355372851083
200111,0.08870171242763643,0.07203712531741,0.08997132563963932,0.07952170749597479,0.06472162840183193,0.0945297234568282
200112,0.0671943937379473,0.06658738459044124,0.06864609978511363,0.007454187429751598,0.029885833692703125,0.0228997722534659
200201,-0.05393867366621108,0.009958992090824553,0.02819874081973019,-0.010000026152309034,-0.020904814783375088,-0.018792170274018458
200202,-0.08141613277726882,-0.014813741191396836,-0.005978557531235219,-0.025130998907753055,-0.00044478225257490913,-0.025660891243102838
200203,0.08921788817098299,0.07551240045200235,0.09758904074292861,0.035668154624409504,0.05911273416941635,0.046347769574740044
200204,-0.04106670885744734,0.025484491998296714,0.039879339137160935,-0.06975460457111633,-0.010207926273344417,-0.06228285885367619
200205,-0.06590851826007517,-0.03579358983316433,-0.027237938319970928,-0.012827644981312648,-0.0021920488418676796,-0.004383334867290178
200206,-0.07484812097948158,-0.03150625865454199,-0.025391147998379417,-0.07383961183198937,-0.06490129013595071,-0.08997454610497276
200207,-0.14604776884374393,-0.14052305957915634,-0.14572548463112384,-0.06331575418885386,-0.09144675799281775,-0.1278200694062349
200208,-0.007775530109298444,0.005988470023603674,-0.006643244863704656,-0.0014136131045040864,0.01688711893547156,0.05695048149914156
200209,-0.0858688728254577,-0.07597315739163843,-0.06687661317959975,-0.10753535011137758,-0.10170132121859421,-0.09224769266691839
200210,0.06659638207541706,0.04286378378889535,0.002614074966144608,0.09901014585211104,0.047676341299180525,0.046688549367456464
200211,0.13818244029902502,0.07550870033082578,0.07646294685576221,0.05439313150168457,0.05987583018155422,0.07186967582165502
200212,-0.08926187831269397,-0.04151076564747413,-0.03204738887688564,-0.06240524337437729,-0.04063933968126378,-0.049186906277877224
200301,-0.022855665743805476,-0.0230302117010507,-0.015186968311442327,-0.028452672237689897,-0.014139129917443548,-0.048615036750747465
200302,-0.03597287797592551,-0.02311195411534296,-0.03544475185611779,-0.014381999820171949,-0.02081012901197671,-0.04100629043613809
200303,0.020532273472329592,0.006845914069862276,0.010988333580227449,0.016339523068637455,0.0011607343610707287,-0.001062272184194794
200304,0.10790519892876714,0.09389698201513952,0.09381223205424434,0.07811604962705533,0.08448776309638552,0.10435053424892121
200305,0.13080225293225217,0.11052859053214353,0.10670918033815607,0.048257232008614294,0.07661215337102792,0.07873754915325809
200306,0.023784336769157532,0.0237631280643691,0.03590900505772187,0.013261014696714634,0.014954017260237677,0.008602915762722147
200307,0.08509376568836673,0.058978157523023135,0.06133066114486763,0.02275723960088574,0.022090735628259178,-0.0028165595629092923
200308,0.04629327156573549,0.04829064282801623,0.05849728611189834,0.02046287945447316,0.01714706829883116,0.03765510140816108
200309,-0.017911506164464682,-0.016359562620341946,0.011148335764550493,-0.011116559467718536,-0.00901313151408901,-0.02507046142056845
200310,0.08219504389907456,0.08236906269095441,0.10645889689742402,0.05164807891331214,0.07078003804205774,0.06421860964759671
200311,0.030210708298494572,0.03692137642120241,0.04344002305469103,0.009310440786361144,0.015489346897010014,0.020031889134652054
200312,0.009835086186089033,0.023526079205421074,0.03734179414213388,0.04418459840182715,0.04563965880052119,0.06755354315068371
200401,0.04059584401471119,0.042871768632799685,0.06689838778120928,0.014940924336790274,0.02495364965671772,0.021544861824986605
200402,0.005306225029052896,0.006651943908443469,0.006534154585159292,0.011754153681920732,0.025155187591661188,0.018418803365979883
200403,0.012290387594628211,0.005906984874110638,0.002371087077030272,-0.019377730784362536,-0.005190741799424902,-0.006263574495780493
200404,-0.03778397897960836,-0.034948099641985204,-0.061520221964321595,-0.004447293690699075,-0.036342186041470194,-0.01886634532096468
200405,0.009331879089172901,0.011535299423453353,0.006341426612795844,0.015458066556288539,0.0068507828907887446,0.010188317917877396
200406,0.033671172147946606,0.04491363891663904,0.048213417697872206,0.014320971357566596,0.020099923943522457,0.02555415269258928
200407,-0.09469018400463405,-0.0537942937623279,-0.04706430763227282,-0.049195680642490115,-0.016056383557982095,-0.020420721023019776
200408,-0.02110305085320353,-0.0020727531831144733,-0.006770831234224312,-0.0036753632361217576,0.014270811073528936,0.00505365191835546
200409,0.055697766204263914,0.05077948215893064,0.039769638473038146,0.0074946840458220455,0.018657889619687198,0.02601165263503555
200410,0.030513421531121555,0.011677836206840039,0.014761578548551785,0.01656791920018417,0.010751369816940635,0.015600602817927111
200411,0.0810030855018294,0.08754883234326225,0.09170979106597967,0.0363185675232398,0.04818721079371803,0.052916911626133815
200412,0.041740671190732555,0.02749288671427306,0.03481756378855071,0.03868887328515537,0.028240445073217917,0.03778572949863119
200501,-0.057097913211117464,-0.03235479375988429,-0.019265781417710244,-0.03137888853471763,-0.017034586179355323,-0.007670563088069866
200502,0.006404847651255692,0.021913160823417304,0.033095507477343744,0.010046712163965748,0.03727108008315567,0.03014312732627056
200503,-0.04082906212282794,-0.025524443164022328,-0.012463857882866221,-0.010548981303245771,-0.03083200927332801,-0.00198328874581351
200504,-0.06541118497910031,-0.05971623800759843,-0.057017288564317245,-0.01619750478446726,-0.022642597460002432,-0.023902261645496747
200505,0.072916727795165,0.0638192912164585,0.055200381364010974,0.04060775115333936,0.027187975644745493,0.03382023544715547
200506,0.026529114498440087,0.042776471869575894,0.04476616911477454,-0.009362940989372433,0.017445991656719825,0.026817641765329366
200507,0.06710801567064592,0.0698921624676355,0.0569070284289573,0.04721754496442763,0.024376370305666806,0.04149582737558944
200508,-0.02072261394732447,-0.009833047429618672,-0.015520205691448975,-0.01544508177335261,-0.0026805294422935747,0.0018089182978626205
200509,0.003160059919536647,0.008624489333149087,0.0013130324073289852,-0.0011129279538600872,0.015800516692775834,0.023647113515592143
200510,-0.03615954303338996,-0.028472832947522973,-0.026327587527499537,-0.003334135037347447,-0.02636661225084782,-0.029825822405330413
200511,0.05113647200087016,0.04843844116532359,0.033785887584349715,0.04133433048497556,0.040044105878901136,0.0229844166238062
200512,-0.0011690044280273182,-0.0014876194359764103,-0.0029438919597327877,-0.005064841512852006,0.0075777504999573605,0.004870684071814021
200601,0.08534227474501162,0.09624067359986443,0.07552308617189811,0.012451764294589347,0.04132248161448229,0.046511160629395226
200602,-0.0015404540766968645,-0.003879697803080686,-0.004130953470124029,0.0024908703606967603,0.0033384414597232024,-0.008284364309072837
200603,0.03968940072205527,0.05467559579400449,0.04760220883393706,0.015500175033557191,0.014290579418348208,0.01005511051611776
200604,-0.008939288643547304,0.00982500798190365,0.014011965658967222,-0.001311550713586494,0.022196658718759595,0.032577781796433454
200605,-0.07752037571454723,-0.04520925582774625,-0.04346324494093414,-0.03132509571000711,-0.03026563775556029,-0.013667459519704994
200606,-0.0066103222793533895,0.0006472703845196788,0.0007414737511591494,-0.003695039502299755,-0.00040483686357808594,0.017611990298084034
200607,-0.05871820677878539,-0.028549918935090013,-0.01873542208256329,-0.01339662050785761,0.015706606274896416,0.014079585695469271
200608,0.03256401437015419,0.0269358647494265,0.02229073128798902,0.03409106569007257,0.016779677692858694,0.007643523670534208
200609,0.01049853657164031,0.01157013605419654,0.011213332451122084,0.02750663020228174,0.020182292813772647,0.020234427013951645
200610,0.059865205668294424,0.051198289703994405,0.051340442230856785,0.03192783286879363,0.03035937333926548,0.04521422990457321
200611,0.027133199832449384,0.027057528682557744,0.02805895226197754,0.014467919282397204,0.02795769528910128,0.019273531987704463
200612,-0.00463546491855769,0.006996858753476006,0.020088013122078554,0.00395617124682126,0.018599660797896763,0.027916849915799236
200701,0.024402760679590917,0.01030319990478568,0.02020591485332857,0.02310522810031052,0.010442972195586639,0.02010697888554378
200702,-0.001129505348181619,-0.003718874030915056,-0.0032772846436258723,-0.019921738770786665,-0.01622210148106149,-0.012672373139665079
200703,0.01559973212363541,0.009553624221418667,0.006419385403952317,0.005283449483300696,0.014802565160185275,0.020763861482045898
200704,0.02754953697802134,0.018083700670136593,0.014463989438575903,0.04810585730644262,0.039743486677279734,0.03295693530378971
200705,0.04085770846135509,0.04135567377559472,0.029160903002739137,0.03024563928069123,0.04114370499650699,0.04042810403673687
200706,-0.0072749228512555076,-0.009385816196333911,-0.0196808009930833,-0.011838622659651082,-0.0198083795900142,-0.022073225812230413
200707,-0.049994226209447525,-0.06009797868832745,-0.0808025043198905,-0.015146335040578416,-0.04073839818184774,-0.05025040521169742
200708,0.01440416121895045,0.024408828549752508,-0.008397095198727451,0.01564286992721033,0.02257319609075965,-0.005580250265935536
200709,0.026751630680765137,0.009389607781297216,0.0008188742491355537,0.048021604034581576,0.026035462476806014,0.031846166765178104
200710,0.03600967207923228,0.01636240063309057,0.0077246332718978366,0.03166766249148057,0.009284707344276038,0.0139796161071651
200711,-0.06903087850969171,-0.06916215205229016,-0.0790237880957602,-0.032706699184985075,-0.05284324822470779,-0.044433189683278036
200712,0.0012153715388396955,-0.009713119653638599,-0.0036975207326280426,-0.003928423225708719,-0.014307900055011176,0.006060654953029122
200801,-0.08574634238603032,-0.06455678169194438,-0.043981292249416055,-0.07275925908219036,-0.04655512940764233,-0.04581013206933837
200802,-0.04265312840211868,-0.03279748379273361,-0.03809768055153245,-0.022762356017755603,-0.03953076160103055,-0.02951519932178901
200803,-0.014657996510142667,0.00812565299370716,0.0007035116501916823,0.0040010881360127174,-0.027291811986024407,0.0001904463034304149
200804,0.045426423642917026,0.029523094364619733,0.024323162104843695,0.04265384708018837,0.05427705521723227,0.055982869026607464
200805,0.04873618780529003,0.0536408600011346,0.03767156630721993,0.02301814148005719,-0.0025481688882640903,0.03258658825091472
200806,-0.07358766370035418,-0.0762828046454191,-0.07707746181416651,-0.0708131285758302,-0.10041384064530749,-0.09009883528379867
200807,0.029387671902505973,0.027073208810200207,0.05195521097575185,-0.0054027566187989035,-0.03233747655327855,0.023229071447908835
200808,0.03058753376151462,0.04195654259708891,0.06821742528567191,0.01540565184822139,0.009694279933308198,0.009377148189861267
200809,-0.10833107320179175,-0.06894394696680978,-0.07342379042683021,-0.09682155076506178,-0.10721485091280127,-0.03812263659044974
200810,-0.22163373444098589,-0.18970904147742532,-0.20504518016389406,-0.1555328277877165,-0.17363910112388867,-0.20676145677926014
200811,-0.11547429198178748,-0.11290458137511392,-0.14682875868708728,-0.0663630109049102,-0.05372476944630505,-0.14804784360153866
200812,0.05681144005259041,0.037990610173052476,0.05757600861604204,0.01972461296947292,0.015632007655413244,-0.009281592582012426
200901,-0.07526058165871023,-0.10531963788839716,-0.16364833369071544,-0.0520460130411347,-0.10061518623006972,-0.15538494154289922
200902,-0.09680607249670134,-0.11627055695578004,-0.15104224273150724,-0.08111967445237532,-0.12024830873413891,-0.15558536743247328
200903,0.09120430261744075,0.09910372212813873,0.11461180537199442,0.08298404818439437,0.09196776609019994,0.11995300767914686
200904,0.16036270350042425,0.16610549059971627,0.17835157743543123,0.07889023082711169,0.11069072705964017,0.1540799607944907
200905,0.037576120619612005,0.03094021862320729,0.02244910710667027,0.043295427497829685,0.07020877405419494,0.06585039525059663
200906,0.05273522814761987,0.014937585023657326,0.009898951495494785,0.01053476196513342,-0.013292962087799055,-0.001866066977511901
200907,0.07272036627436876,0.09956611693483772,0.14205729988314014,0.06874411283263096,0.08334659619660442,0.08787126017006637
200908,0.00853819318174989,0.029099429724547075,0.08686656448750867,0.020129184520038458,0.03830147896652549,0.08952507143015984
200909,0.06523405057478998,0.057458800019685306,0.07770411764714134,0.03545504873328721,0.03994572064697715,0.05271642927367065
200910,-0.06784625948826215,-0.06441898716640111,-0.09419908018099972,-0.004670768510527747,-0.028702971564266457,-0.07679124438288419
200911,0.019159162808987718,0.01921084619796464,0.04281433191433088,0.06762962939059733,0.04673454397294547,0.04014539049888771
200912,0.08429236683846851,0.08000419374470845,0.08390297324115034,0.018317619783988534,0.030677867223936256,0.011745892283437242
201001,-0.037933483061555646,-0.023315590277432695,-0.027565015041763292,-0.04127111925657916,-0.02711444600520094,-0.029519939478154605
201002,0.034389667622960286,0.042116436114533605,0.07390637992241526,0.03082259176976994,0.030376657410284797,0.045872530600385326
201003,0.07200429589718896,0.07933576145115166,0.09284668770584935,0.0526420159878286,0.0673168077186848,0.08578803150342773
201004,0.04652870809451955,0.06392359882526924,0.09483565211872898,0.009927412399044405,0.021636087866328993,0.027163279629804027
201005,-0.06541051115739992,-0.07286644692984058,-0.10612387392861479,-0.07523159752518187,-0.08252516998176185,-0.08335678372294338
201006,-0.06299396415090251,-0.07713967245689085,-0.1113625403457719,-0.04657965513476985,-0.05593065049183624,-0.08325581357769032
201007,0.06924676831609711,0.06680460068979664,0.07569894018283924,0.06786539622721781,0.07305923624794021,0.06953038547848793
201008,-0.06917763320279446,-0.07875088709461685,-0.08413407394766328,-0.04077856142526845,-0.042081191788823386,-0.06458628673973528
201009,0.1398704429767804,0.12538515897030172,0.10912332759884652,0.10112980620956107,0.0893292789982541,0.07131762206880574
201010,0.04778881355752696,0.04175947701171014,0.03479760588767595,0.04686110190298809,0.03543582263753781,0.014216951883693657
201011,0.030585491243627225,0.039896939876391,0.02819511389044113,0.005421972115720401,0.004203942806771889,-0.013330870332272843
201012,0.07503573830011004,0.08215485310447901,0.09479523641376911,0.05020475368495692,0.07897503080477851,0.10906308783035845
201101,-0.00263479080559782,0.002682302247335866,0.00574895778512439,0.019828875456898463,0.02569768997231438,0.026340975371685556
201102,0.05113922796943713,0.04915960623881971,0.06215311583364063,0.02659230111269868,0.04059285026957368,0.042613565706389744
201103,0.03337440508086231,0.025708369633238276,0.018060060559592677,0.002353630068030954,0.013461721389980804,-0.01513157184246813
201104,0.03599322751699619,0.019917103572709847,0.011930443481445504,0.03798409626033444,0.02421784213151609,0.011517414504997794
201105,-0.014252195654748804,-0.023530132726236264,-0.02927719802980352,-0.0050707280389742145,-0.015805331706832976,-0.026552880539845253
201106,-0.01707256811838459,-0.021424414648046262,-0.021627685411130405,-0.014162404575455806,-0.01794053763773441,-0.020907142051679862
201107,-0.04396374261736849,-0.04177086998548311,-0.033138388377807255,-0.008814712212262873,-0.03030270210735575,-0.03863274954309233
201108,-0.09204870093465412,-0.0925156779160868,-0.09089800957654126,-0.04086607128807529,-0.07040069905717133,-0.07585962497091067
201109,-0.10880981450588387,-0.1148634496108996,-0.10837746225180465,-0.06335065918746198,-0.07259670167775847,-0.10000364782313317
201110,0.15502630804223663,0.15833955121018534,0.12633999002071153,0.09873743104399828,0.12305975217437619,0.12238584059068569
201111,-0.014102524905750832,-0.004640452117640431,0.001472789901044859,-0.0015626784048463581,0.008762497900491946,-0.024535632261855428
201112,-0.003008520331475087,0.006770674402178047,0.013256368878292249,-0.0018122932000507435,0.020658783716479317,0.012883031836018254
201201,0.08142779999508656,0.06948342968198946,0.05810517215407642,0.055912137204794606,0.036063691633376145,0.05063676702809149
201202,0.036748303132366475,0.023979337537352402,0.028406159954249298,0.046775297968930186,0.03467541443860895,0.06142685787948947
201203,0.025011468538973822,0.028879795635676147,0.027339986961199717,0.03788481140325078,0.01727933319477073,0.040077322027054565
201204,-0.011226146552179073,-0.020055094137902286,-0.010938338763198732,-0.006258587694556074,-0.001357225756742086,-0.024187534976054526
201205,-0.06703911328522906,-0.06493857845820353,-0.05757128490151915,-0.05641778121333908,-0.05971036690047765,-0.07989056615691699
201206,0.060234559175202956,0.04055473001450357,0.04833683613079233,0.029160247665058408,0.04420993082849948,0.051200622877936905
201207,-0.026735059885889968,-0.012993835467805772,-0.012356012645986975,0.012219877246315269,0.013483641127354451,-0.0031544932230038866
201208,0.033574895039538616,0.036048166492345664,0.03579308651871935,0.026946757255384847,0.017867543490950686,0.037111768358654235
201209,0.034120815641591085,0.03654679292390059,0.039680586636100815,0.017372302356537847,0.032774039842205595,0.041782153312944735
201210,-0.04174548404455332,-0.00911291924521144,-0.00509928773441407,-0.02788423415523056,-0.015749984462563538,0.01956691035049222
201211,0.010071416601333604,0.0101181411255557,0.009690711051835447,0.015571626807743254,0.00019339374602588355,-0.011005049867742844
201212,0.02586243272649828,0.03709271005252125,0.04312639813696161,-0.0005230336141086285,0.011535744630582406,0.045842902207037
201301,0.064454376095679,0.06257942493463586,0.062050519082463916,0.04630502938789429,0.05691168928840582,0.07511312127003003
201302,0.009741645522209423,0.004698381892111946,0.014683661319012779,0.011700965266097884,0.016057804785167874,0.012873335537631593
201303,0.05251118387653207,0.04494593767336717,0.04757521101827926,0.03717818043551719,0.04048301788488867,0.04166759040989775
201304,-0.008847407291451231,-0.004770027428079477,-0.007245707989428324,0.01764506788884007,0.014493088896711687,0.022588938642951577
201305,0.04957569745740472,0.052117607298248006,0.051172088121753424,0.022991459033608927,0.01918219133455483,0.050167283635802175
201306,0.001654037939265368,-0.00210422184898645,-0.009484141610095401,-0.02001766087916042,-0.0005945278606663246,-0.016405308348870634
201307,0.07381174369736833,0.07069552789573898,0.08217617026088245,0.05587337153950424,0.048617189599438726,0.06616638719216911
201308,-0.012362351690229843,-0.03535116584942428,-0.03627326719839701,-0.017384156783473798,-0.03132317622799438,-0.044291192200133715
201309,0.06411268993728361,0.06677000292310725,0.05052099196237513,0.04222043525297558,0.027822982143783745,0.02651340638680059
201310,0.008767687630720129,0.03175390287889302,0.04127756292698917,0.0452575581269092,0.040819063749456,0.04457295564652204
201311,0.048550676315227484,0.044199661143742006,0.038684502849976314,0.03286959598361285,0.023615495983163506,0.040027541206013255
201312,0.019031033886889426,0.027915888084733793,0.018994455655586922,0.023192489339998342,0.035567840766643884,0.018063009123523367
201401,-0.0018952480565608391,-0.040297476767994084,-0.03692114437135256,-0.031445636856104575,-0.03802124125293125,-0.032938578906158686
201402,0.04282886409427071,0.05344938696438841,0.04662821138443483,0.05008170417977309,0.04920031372977862,0.03022894293185838
201403,-0.03406832783133002,0.011091047325168269,0.010867823926333274,-0.010010470907843353,0.015103084252508088,0.03634502435587373
201404,-0.06477409861502105,-0.03276781668678383,-0.02472847480106434,0.001917763331597369,0.00798469528180864,-0.004510018305811995
201405,-0.005722247939349454,0.012184991954640317,0.00016540411256909737,0.024384115199318247,0.0208858943364969,0.013412051762993392
201406,0.07377038608254748,0.04572780748239021,0.04717105082580842,0.018178575119028133,0.02453782044127314,0.03671063306160754
201407,-0.061394921351461615,-0.059366871402514565,-0.056918857323410614,-0.01685176998994699,-0.014500259369518698,-0.020771260461157046
201408,0.05098411807299783,0.0447708917172753,0.043476887033122934,0.04900724593358087,0.035949539656565485,0.0354827381765822
201409,-0.04510993773757519,-0.051141536490382576,-0.06981656732512152,-0.00975386864614748,-0.023614910393728074,-0.021825528457543503
201410,0.0699687900412314,0.06235318430073589,0.04850558882833865,0.02921166478280084,0.019764097013601316,0.010638854295441265
201411,0.017053967251147172,-0.0021322698407617974,-0.014290242710858717,0.03837131954637194,0.030757390318958907,-0.004680292277110004
201412,0.02217949621777902,0.028482249774087195,0.027856808776183534,-0.012242000451237741,0.0007148785936031245,0.015173550056811407
201501,-0.030979784676623035,-0.0480297914066847,-0.05260101872706686,-0.014617478936076272,-0.036917356163636325,-0.05779206932636188
201502,0.07783033966608897,0.06584028263028141,0.04950963332506391,0.06470155407088829,0.062405178953294435,0.05039045356287285
201503,0.02292577198307402,0.020911563837089447,0.010771814024743354,-0.012762067922504996,-0.013433520301012256,-0.018634950756601893
201504,-0.028829765820868006,-0.02290265262219437,-0.006108051682344307,0.0025278156382662286,0.009535707031820167,0.024574415571505
201505,0.03338124548111537,0.02359083058035274,0.007940470644155607,0.01513084408841546,0.014817986045605804,0.002433089982899405
201506,0.023765875340589514,0.006927013876046899,0.0043136080209180356,-0.016633562091985066,-0.022036739013103154,-0.013135673217812357
201507,-0.004617001919172122,-0.02490696752657145,-0.05578771044817649,0.03064142088529531,0.005499606206246996,-0.0024678733055702507
201508,-0.08836097043435895,-0.044740373965465714,-0.03315898975926343,-0.06309241977742157,-0.05842420335137373,-0.062169852654591504
201509,-0.07833478913590057,-0.045143854003967206,-0.04660928150195246,-0.023195965251928068,-0.029883460147387325,-0.035981363748447515
201510,0.04458904793454072,0.06617835040711886,0.05627927613247733,0.08147113677167858,0.08078991653555886,0.0618315296134614
201511,0.05940345094599201,0.03959709719239114,0.02734165360795578,0.006661608844386645,-0.006138471996077703,0.014329429258315573
201512,-0.04051264378840761,-0.05269025227700708,-0.06627847011807,-0.01401997792852078,-0.023691092536161598,-0.03340111478165415
201601,-0.13778993137106352,-0.07619794570009887,-0.06801930812064509,-0.055061529306410915,-0.051714228493260746,-0.07101802090202006
201602,-0.004166158703491341,0.0060271572887044015,0.0063791480312458,0.00030082326392626347,0.008150744513070289,-0.024896909542329346
201603,0.07445197411369887,0.0769352311399277,0.08773411501955158,0.06595745315416186,0.06752374416978092,0.08554285255721582
201604,0.020867400452439462,0.018992389905929805,0.03635953403099498,-0.005390887688885412,0.015635128628630847,0.048202818463525546
201605,0.027352695900920043,0.010494481782861663,0.007096374219834399,0.021404421641040353,0.018411131661787556,0.007108628144776336
201606,0.0019695185203222826,-0.008497489356272512,0.004027360800095028,-0.0007322364571541027,0.006533387232407044,-0.014396409144552945
201607,0.07119312118572947,0.05595498238388971,0.0618833856846863,0.04501314012679886,0.030228930781294593,0.02750563485290051
201608,0.01061774250358422,0.028451677284359784,0.021204853123769997,-0.004108615633126292,0.00923367495680543,0.020802280325000373
201609,0.03028812549680346,0.0109918247599605,0.01723000127194149,0.00269864371200837,0.0011788905951281424,0.0012805331601197048
201610,-0.0822618294314527,-0.04847573855187297,-0.030173338024883336,-0.02320302944801152,-0.017364273253617352,0.00019449816829185125
201611,0.08456292580154094,0.12426763413034983,0.1490361937589611,0.022722267246351367,0.056059618554228974,0.0987736793141519
201612,-0.0024819789872905004,0.030529756926604208,0.03867599543674679,0.012811381239892804,0.014497012872383043,0.04069819532986955
201701,0.01919432101496956,-0.0007741855257195053,-0.0021510272469326868,0.03144401315859762,0.010732272185775752,0.006260276795341223
201702,0.032520813665926546,0.011642054199369534,0.0010072668564669904,0.042956386361082816,0.02659376637512689,0.03581393083848978
201703,0.022507372024824075,-0.0005460092169710531,-0.012610249853514627,0.012022467843905964,-0.003926338841144017,-0.021930220198747043
201704,0.015691484827204876,0.01174970458566376,0.001410591776927248,0.017156719971047042,0.01090062045524451,-0.007233142280937931
201705,-0.009939396986709419,-0.0194943470599973,-0.03599819689133796,0.0256437146609197,0.004594823165913407,-0.013870945320793419
201706,0.05104153966915971,0.030240645700029028,0.030126307029070903,0.0037422384027544597,0.0041086672272432475,0.025968122134277877
201707,0.004499563368974588,0.005731684625722991,0.010213821086096848,0.023308887611419138,0.013363300051039513,0.026881232082231955
201708,-0.00412599519544309,-0.02408338395493475,-0.022387105232435367,0.014385094749354926,-0.006145116794037507,-0.00965684440953293
201709,0.04965482133519215,0.08268262797207149,0.07397373336982001,0.01192914154926084,0.03739574797812156,0.0355507733816806
201710,0.0054039690747146405,0.004286142747724931,0.008300149070710848,0.03230338748818712,0.018098766994691123,0.01577691394758623
201711,0.03063139176707329,0.024144843469996905,0.027017108197551834,0.03012345907871146,0.0388075856539501,0.032474754139251494
201712,0.010027520682538876,-0.005777972545755673,0.002919506077835261,0.006721031841843442,0.02001594451730798,0.011815991280216907
201801,0.036170349332811574,0.03156515161045145,0.012128152711865825,0.0664997952309255,0.05860358002656512,0.036009255739761485
201802,-0.030937540862154507,-0.03529023323555784,-0.04263468473328601,-0.023246944798978507,-0.05460298744820324,-0.037260323695714186
201803,0.014560630860088856,0.006341419395311539,0.01842495527355555,-0.026581949424682068,-0.01904833077330732,-0.02348024304666216
201804,0.010911191496600603,0.01064428682048651,0.025000066855419185,0.005077179760289822,0.0038786135061073153,0.00657205559324598
201805,0.07961387849393022,0.06917523912301086,0.053557076653527595,0.038442584443791075,0.01732657596066339,-0.005051040338496102
201806,0.018901762124944904,0.002478840941448757,0.006251772535113817,0.008561248999057873,0.004605125893109454,-0.0051382442128302674
201807,0.011420094726652504,0.023155498460045252,0.009839252803185048,0.03136047297809259,0.04044180524908852,0.033748624888978423
201808,0.06333663707651171,0.030749639762363966,0.023302070386754328,0.056710634050441626,0.01647784707618716,0.003623367330013276
201809,-0.01704103289598871,-0.029634093794125075,-0.025736009255645877,0.0074379313102742,-0.003088097787033422,-0.003968187636552642
201810,-0.13760030112183277,-0.1092359676695395,-0.09112036597582435,-0.08220292767744453,-0.059205368167498294,-0.061037605308874796
201811,0.01264923344547105,0.01663456382493985,0.010789892774133517,0.012995841737797538,0.027878493100379646,0.018020221055024436
201812,-0.12393465119428976,-0.11836269532198963,-0.1250818732310978,-0.08606618533031773,-0.09824097569500971,-0.1079282034539225
201901,0.12975273510753366,0.1023166782391539,0.1114258637161621,0.08493859271503554,0.07860285050501692,0.09917119473367625
201902,0.06869709976244603,0.05219474261864888,0.030907876710426555,0.037214786343352596,0.039719175795089275,0.016129105491151843
201903,-0.0071331062600412075,-0.030294446205008305,-0.040489748839029095,0.027080859721381977,0.002557019375562364,-0.00958732543177461
201904,0.02043889547506085,0.04682452252556935,0.031726442286498346,0.042785008165074995,0.0386641267968862,0.056223993163705556
201905,-0.0692012766909901,-0.08421596314515965,-0.09644102784808085,-0.06312906607687774,-0.07051850482431923,-0.07076345885187196
201906,0.08161638183755801,0.07663587607280478,0.062047276379266846,0.07607675260548043,0.06396957991389363,0.0766053040246862
201907,-0.00565811594846846,0.002107125861482267,-0.0052995970108281575,0.014509958062069875,0.015045317666031332,0.01481235751414029
201908,-0.04556466489736692,-0.05934278638781066,-0.08389734511844854,-0.010829510824614294,-0.029756684249033372,-0.059042194374671154
201909,-0.022687332955020335,0.04167047925508443,0.054267290850335353,0.0012281954062954127,0.03947162174825131,0.05091656147515287
201910,0.04269225825262649,0.02458668910998258,0.00469902788349971,0.025816112486771278,0.015546887491440235,0.02330776751258101
201911,0.062414793644129656,0.03124700499820118,0.036300820893644205,0.04432251006541431,0.031420638608911276,0.029543353672063163
201912,0.03340789497357916,0.039654396568446174,0.05085868807607432,0.027928789061875674,0.025541608837218878,0.04312355931687441
202001,-0.014615662065548004,-0.046510380898770465,-0.08124291123255381,0.016035803142541133,-0.019767476928406587,-0.03759855191546535
202002,-0.05853359272889987,-0.09321646595248186,-0.09533360435988844,-0.07065888560667433,-0.0997942396804662,-0.10511183994933516
202003,-0.19408547100955917,-0.21424720662092356,-0.28957727570756586,-0.08849868019250581,-0.17286758598634921,-0.24695823186434226
202004,0.18872289761171113,0.1249195291356127,0.1629593300890563,0.14303306007484298,0.11925249992027288,0.12630907063980706
202005,0.11621886461909552,0.0422306415547528,0.050895751120951516,0.06093260888018907,0.04190082618137336,0.02408083270038428
202006,0.05192758847655285,0.026966468973353145,0.038448026187516374,0.0381183540869538,-0.010107129634044565,0.006139442723127414
202007,0.0133413410561721,0.02831907939203196,0.035395248086565106,0.0702151939419826,0.04440454930110289,0.02799144135693621
202008,0.06834944616896688,0.04112721813646893,0.06494303620222645,0.09519525547284563,0.034723207273135624,0.04028016500509619
202009,-0.009423523451933332,-0.04699360819375444,-0.05113569783004001,-0.03889458815736653,-0.03200306004052879,-0.03689010829127357
202010,0.007061842579145324,0.025741387446023747,0.0458791837540853,-0.03540442154331222,0.0010308048676074977,0.007468950661878706
202011,0.22458897015184753,0.17895768513399332,0.20583690558172285,0.1081699471408001,0.14009186049591035,0.16601023246368754
202012,0.1275338644771411,0.08309820667696292,0.08013856834542955,0.04748325856561849,0.0427850368853441,0.04557144364603943
202101,0.07036899710068586,0.04805831884707732,0.11126236961516654,-0.006524734038573623,-0.009084653276146848,0.015841301615823138
202102,0.061716041449753144,0.09660992200900691,0.06663026143616503,-5.346232268665599e-05,0.07615737865458788,0.08699844543158561
202103,-0.031608291429736125,0.03531193346722564,0.05766115218772728,0.022780154707138064,0.050401847871317115,0.06630457674754635
202104,0.017993074757184962,0.012263330896964403,0.0068737145768650795,0.05409940622029653,0.04552181775546929,0.04649042573601939
202105,-0.016236948682156995,0.0077964670157755775,0.06511183827122059,-0.010195820168623032,0.022109815075271627,0.044334840933291944
202106,0.055103816866437595,0.003240459287783593,0.017003948618616573,0.04883471747238632,-0.007750286179634575,-0.03699662099859011
202107,-0.059298125699935755,-0.019702488233009224,-0.035613648800845187,0.026820787775482673,0.011827179780115032,-0.02883347659592337
202108,0.023185442010780443,0.014751198253447026,0.02812931511538127,0.03305340352597833,0.022399605676949486,0.025688404975069988
202109,-0.04379039021877134,-0.03728069078214699,0.0084013415616995,-0.05236264048184557,-0.0447728775714657,0.0044539097652066244
202110,0.031141792460083306,0.03694654037653018,0.03750807830908657,0.07851441424657675,0.04028695035621779,0.06875811715039061
202111,-0.07045365792085814,-0.016193441087371894,-0.035399813437093273,-0.0011124155425568899,-0.03264611134047124,-0.04064813931088893
202112,-0.006084854488233843,0.03688823102308626,0.03997802144823694,0.02538032490615302,0.05567117153496709,0.042100586219360366
202201,-0.13665654878708935,-0.09051884154816163,-0.013526499881779312,-0.08068786878577378,-0.037530420039530124,0.05212965982780702
202202,-0.0003741259722591026,0.010266771209413255,0.02313246439469331,-0.03798334849940999,-0.003552716868066271,0.009960174577788639
202203,0.027108390531888713,0.0022385060140765337,0.011981893623820142,0.04392767071029429,0.01790243936724516,0.020939425654693547
202204,-0.14027864409490734,-0.08554047354211308,-0.05450109759136769,-0.10252989903948992,-0.08250790990761225,-0.05651538327931087
202205,-0.039041672756212696,0.012822578092872234,0.046281758265103286,-0.029186415874579524,0.034083316146797334,0.06850245557072066
202206,-0.04955105264032576,-0.07384727966021101,-0.11941518882664574,-0.07586699579423115,-0.08424126151578068,-0.12132558554302011
202207,0.1356161461422211,0.10952585110742459,0.08629170374860413,0.11561053029740267,0.05749869797523455,0.07598702035040789
202208,-4.698151496163239e-05,-0.023868530645312334,-0.01655514087537125,-0.046370322322789294,-0.022942252333495616,-0.011800103537262664
202209,-0.09449132338575898,-0.10228393479570656,-0.10098930276174119,-0.08836063988916408,-0.09613191783740906,-0.09020145015020135
202210,0.07086826781603,0.09941398202860202,0.13867920323294633,0.05902448056961563,0.10154150624075049,0.1498265512363796
202211,-0.009636111781164152,0.02225247663882756,0.022959605968171953,0.04862981761695206,0.056618991192538985,0.047997387734868946
202212,-0.06208109717102607,-0.07129741985390746,-0.05517357413629559,-0.06754512233735467,-0.04921627332856549,-0.05039814313075563
202301,0.14108099370726285,0.11548526637706175,0.080980598311441,0.07092388348502449,0.062427150010043876,0.05419307326468415
202302,-0.02658358722072747,-0.02032997263943262,-0.015175708093508032,-0.010228552834133209,-0.038190823409177115,-0.039239330773755424
202303,-0.033976754682027384,-0.04359317177678218,-0.09536812939169828,0.06282078807294332,-0.002493430451384005,-0.05428430873286158
202304,-0.010772128239992703,-0.026815746572953957,-0.023159237024190798,0.008328550114916271,0.010680285672602128,0.01877604446081388
202305,0.011412725425194094,0.0176144871407377,-0.04679883263184938,0.035083519460312206,-0.03180920662223749,-0.06819031970758373
202306,0.07759418928431923,0.08424620937548948,0.08374342703759276,0.07596479559180885,0.05720813313906818,0.055492806433963524
202307,0.04598901478095021,0.06999031551434827,0.09447519796921724,0.024396403550580616,0.05409986150994909,0.05576883720692312
202308,-0.07285748673114956,-0.05954419876304171,-0.05915375265854173,-0.011175969796505867,-0.028142884299225655,-0.041163263658279346
202309,-0.06664264074457601,-0.06301213497034008,-0.06149268346273384,-0.05531876325435044,-0.02695772871321677,-0.033528543080416986
202310,-0.09332755234548967,-0.060733684709481,-0.06755629982342701,-0.015628353192751077,-0.04187989865410287,-0.031008271215452948
202311,0.09777449355678268,0.09472435212230482,0.09270102211115445,0.09795714748559584,0.07760050872474884,0.10521733781167411
202312,0.12291907219883713,0.12666271566109982,0.1462695343498542,0.042535001652788944,0.059697070752067274,0.08170247968594924
202401,-0.038923580848862556,-0.04498104029063282,-0.05116281434830071,0.018716698961927396,0.012430626647452597,-0.0020261183699207233
202402,0.06415123023289394,0.052092863925040714,0.02796098913252312,0.06041033169230801,0.05928861332711691,0.02670407130790742
202403,0.007946278037560536,0.025450244600000338,0.043467974001530775,0.019614911868008837,0.05237630827333006,0.06792450424858676
202404,-0.0760288509603112,-0.07203319055535509,-0.06798975418376012,-0.039820458891671365,-0.038587697821774826,-0.056249427400705446
202405,0.06214530809259856,0.04526094584410881,0.04511613738075354,0.05612656783788676,0.031405067592199916,0.044472741224799675
202406,-0.004863520143207713,-0.023563591742656705,-0.026595762509087732,0.052270434113534645,0.001322274181421875,-0.01059515338601595
202407,0.07805860813118978,0.10367815776796489,0.1348017429238076,0.0003999094413267868,0.04012116898246978,0.05842128522685469
202408,-0.003741707784038909,-0.026058296281123404,-0.019137398361088753,0.028420039414102764,0.0042832667727092984,0.022253944566440163
202409,0.01291068106921468,0.0055006600700151995,0.003929730516853563,0.028958041090140205,0.009471563753784735,0.0006038864194456739
202410,0.001220888808889001,-0.013820269575029511,-0.010175910122231763,-0.011004944660249783,-0.003408895928574692,0.018718059780668685
202411,0.1607148148827984,0.11129418602952458,0.11108083665467051,0.0683739809116484,0.06087396556506435,0.09578978132214544
202412,-0.06782286595104328,-0.08336365384578877,-0.07147902750162692,-0.014084439187612964,-0.05613075869912409,-0.06648393999008814
202501,0.016420353155527794,0.03110900048652705,0.01227037378123742,0.023747709147784592,0.04497877935701385,0.05803036391236025
202502,-0.08459136728472016,-0.06586270699989069,-0.04070581475598072,-0.02343707213620457,-0.023784479226411567,0.029348404393944486
202503,-0.07896631380642716,-0.07470685944710459,-0.06103446033847644,-0.07365534653344555,-0.03621826168278319,-0.02463089595738979
202504,-0.007121218688973028,-0.022656294116363447,-0.04817583163339624,0.007183539094407853,-0.038673095203580074,-0.025775600984932263
202505,0.0767704492162689,0.04480932979183024,0.05927640191777485,0.0773315578808426,0.044305817933846366,0.029125028930812653
202506,0.07305457396449445,0.06144551958780211,0.050405025794383815,0.05765208950502704,0.04814210944235775,0.04109416549738795
202507,0.0184449344594453,0.015406643271462983,0.019846948242108614,0.02785650610155901,0.024931388169709544,-0.006831595853620341
202508,0.057250954271886804,0.07382641499168272,0.08958546931993393,0.009178594227955304,0.031330148982764684,0.06811375946559618
202509,0.01484897400322077,0.027368655460992902,0.002397603626320375,0.04312763863445295,0.02785211608087207,0.01894956790433074
202510,0.03441824526665738,0.020066332030145677,-0.014856415044767056,0.02586253325693837,0.023351661401087947,-0.00901346201714486
202511,-0.014189760920615805,0.028091152365862244,0.03050813163597364,-0.018793785390191463,0.028964680698570902,0.042771524310324424
202512,-0.0024291200413814502,0.004976835795358506,-0.008552125691122252,-0.0038656107085024904,0.010395442306960148,0.01599971449792249
