Rank,Factor,ym,This replication (%),Library (%),Difference (pp)
1,MKT-RF,202511,-0.26081614679185,-0.13,-0.13081614679185
2,MKT-RF,202112,3.10247080812537,3.2300000000000004,-0.12752919187463024
3,MKT-RF,200811,-7.860013939674659,-7.739999999999999,-0.12001393967465968
4,MKT-RF,200809,-9.24028747365609,-9.35,0.10971252634390943
5,MKT-RF,202505,6.1589466679652505,6.05999999999999,0.09894666796526064
6,MKT-RF,202201,-6.2472091725317,-6.16,-0.08720917253169994
7,MKT-RF,202508,1.75567456832172,1.8399999999999999,-0.08432543167827995
8,MKT-RF,202103,3.09294556666606,3.17,-0.07705443333393992
9,MKT-RF,202107,1.2700254652810798,1.34,-0.0699745347189201
10,MKT-RF,200108,-6.46429421083365,-6.4,-0.06429421083365
11,SMB,202003,-6.3485425115857295,-4.6899999999999995,-1.6585425115857297
12,SMB,200807,4.10154143591132,2.60999999999999,1.4915414359113297
13,SMB,200901,-1.22666248278648,-0.01,-1.21666248278648
14,SMB,200111,0.38631541165357997,-0.56999999999999,0.9563154116535698
15,SMB,200206,3.20267866110115,4.08,-0.8773213388988503
16,SMB,202312,7.07175934697768,6.279999999999999,0.7917593469776801
17,SMB,202206,1.28995386367306,2.07,-0.7800461363269399
18,SMB,202411,5.25328527403029,4.49,0.7632852740302898
19,SMB,200907,2.50742636671249,1.7500000000000002,0.7574263667124899
20,SMB,202010,3.5852721397961598,4.34,-0.7547278602038403
21,HML,202102,4.59663044401699,7.199999999999999,-2.6033695559830097
22,HML,200807,2.6195053668219797,5.21,-2.5904946331780203
23,HML,200210,-5.81508315606009,-3.74,-2.0750831560600895
24,HML,202312,3.1538231603487503,4.87,-1.7161768396512498
25,HML,202512,0.68608473299116,2.4,-1.71391526700884
26,HML,202106,-6.165660843667959,-7.86,1.6943391563320407
27,HML,202311,0.04102265030768,1.66,-1.61897734969232
28,HML,202511,5.31394111058838,3.7599999999999896,1.5539411105883902
29,HML,200805,-0.07023802292771,-1.5699999999999998,1.4997619770722899
30,HML,202411,-1.11049974948213,0.38,-1.49049974948213
