Year,MKT-RF,SMB,HML
2001,0.019500055682963348,0.36083190433115325,0.5469703765976033
2002,0.006638883392410943,0.32100441600248086,0.8163226879861891
2003,0.008147556843074227,0.2391425873098292,0.47759090170787005
2004,0.010198014891755855,0.21114531623166102,0.40236111660827334
2005,0.010825200168720803,0.12551443309371002,0.47452237639699746
2006,0.007147896998003253,0.13962641101272583,0.3996372727015933
2007,0.014364256656834964,0.12594824034504615,0.3732829473722825
2008,0.030352501871918514,0.3826597817153875,0.8988326727301158
2009,0.02384499402444582,0.3789256624944658,0.40701973589440754
2010,0.0075728401778233315,0.1943122326733633,0.3807651910505542
2011,0.009412170486729026,0.10639739713188508,0.20776702323095833
2012,0.007205385380855932,0.1509003453908175,0.35442950047066163
2013,0.0057744086131399815,0.12710634741406168,0.3469376294016425
2014,0.009045309467936665,0.09234684055131497,0.3499009056906526
2015,0.012271546635435,0.13603298580071246,0.3375735838928575
2016,0.012058075622059116,0.22258972573398914,0.5022278864213942
2017,0.0105183800854067,0.22168983269021833,0.4611315872164117
2018,0.009850716281775808,0.2140633177540917,0.5449494853317148
2019,0.01922277745642348,0.2053126429655575,0.38117315912470584
2020,0.01926130719843224,0.4316245080812225,0.42793802645061013
2021,0.043047999154286684,0.3014260281406825,0.5393667644755017
2022,0.024405824722176617,0.15353292672684998,0.3080109390456682
2023,0.02133790386535747,0.3126936103517984,0.4519098737959165
2024,0.016782960814720835,0.30557412968243175,0.3824174888840309
2025,0.048958250447194256,0.27183096296750175,0.6490548957414924
