Calendar month,MKT-RF,SMB,HML
1,0.01787614682216004,0.22466665455680837,0.4555985077309896
2,0.010428469073129144,0.17439116379873962,0.44762214089320124
3,0.015042130152791242,0.2753653475119721,0.4425317116599512
4,0.01606404360662409,0.19705984143064667,0.38614668019832915
5,0.014045730263039537,0.19059062031366253,0.42345434957567457
6,0.015716776921602574,0.2898287419641046,0.5372176871379859
7,0.01619882145213841,0.2670761955630344,0.4362865108204892
8,0.01583997142880798,0.17990313648071435,0.3506598858895648
9,0.01618443040861236,0.16579612959623918,0.42482895942506677
10,0.017808441793612052,0.2739924727036076,0.48927059665415157
11,0.025434141406352466,0.2896071821666445,0.5486375492418072
12,0.013965519311935579,0.19067059322200663,0.5167805070228599
