,S/L,S/M,S/H,B/L,B/M,B/H
2001,0.093,0.226,0.22,0.08,0.193,1.199
2002,0.294,0.347,0.277,0.073,0.324,1.36
2003,0.117,0.229,0.198,0.108,0.241,0.722
2004,0.186,0.234,0.257,0.193,0.281,0.567
2005,0.158,0.135,0.322,0.34,0.479,0.438
2006,0.17,0.186,0.304,0.275,0.304,0.371
2007,0.141,0.273,0.303,0.153,0.302,0.55
2008,0.29,0.308,0.446,0.228,0.444,1.351
2009,0.196,0.203,0.422,0.113,0.351,1.025
2010,0.32,0.202,0.202,0.094,0.248,0.777
2011,0.147,0.196,0.326,0.075,0.182,0.227
2012,0.205,0.177,0.207,0.182,0.168,0.434
2013,0.176,0.214,0.35,0.151,0.274,0.398
2014,0.12,0.23,0.279,0.141,0.242,0.444
2015,0.29,0.283,0.178,0.124,0.264,0.426
2016,0.262,0.232,0.323,0.171,0.287,0.881
2017,0.214,0.166,0.361,0.214,0.409,0.605
2018,0.313,0.222,0.194,0.188,0.346,0.741
2019,0.257,0.228,0.214,0.169,0.337,0.68
2020,0.446,0.318,0.782,0.202,0.499,1.035
2021,0.418,0.279,0.828,0.218,0.576,0.714
2022,0.316,0.329,0.342,0.251,0.558,0.348
2023,0.219,0.524,0.375,0.306,0.488,0.887
2024,0.46,0.305,0.351,0.322,0.617,0.561
2025,0.518,0.344,0.454,0.389,1.01,0.826
