,lib_median_musd,mine_allNYSE_musd,mine_eligNYSE_musd,ratio_allNYSE,ratio_eligNYSE,n_lib_nyse,n_mine_allNYSE,lib_bm_p30,mine_bm_p30,lib_bm_p70,mine_bm_p70,ratio_p30,ratio_p70,n_lib_nyse_BEpos,n_mine_nyse_eligible,eligible,switch_size,switch_p30,switch_p70,share_switching_any
2001,1153.89,1109.6442,1159.6319,0.9617,1.005,1526.0,1563,0.358,0.3943,0.827,0.9293,1.1014,1.1237,1462.0,1471,5563,5,154,273,0.0777
2002,1193.77,1127.0687,1231.8652,0.9441,1.0319,1467.0,1506,0.372,0.3978,0.752,0.8558,1.0693,1.138,1406.0,1413,5021,23,119,284,0.0848
2003,1178.8,1163.3688,1182.8628,0.9869,1.0034,1443.0,1481,0.434,0.471,0.826,0.9302,1.0853,1.1262,1391.0,1405,4673,5,159,340,0.1079
2004,1665.78,1607.8538,1684.198,0.9652,1.0111,1432.0,1469,0.35,0.3751,0.631,0.7133,1.0718,1.1305,1373.0,1381,4472,13,137,307,0.1022
2005,1786.15,1742.7789,1849.25,0.9757,1.0353,1440.0,1475,0.324,0.3574,0.581,0.6437,1.103,1.1078,1381.0,1386,4436,23,217,289,0.1193
2006,2062.27,1966.9866,2133.6432,0.9538,1.0346,1404.0,1443,0.321,0.3507,0.594,0.6557,1.0926,1.1038,1335.0,1347,4338,16,160,273,0.1035
2007,2573.87,2459.9328,2574.4608,0.9557,1.0002,1380.0,1421,0.313,0.3408,0.582,0.639,1.0888,1.0979,1318.0,1327,4244,1,176,269,0.1051
2008,1929.19,1849.4559,1933.6368,0.9587,1.0023,1349.0,1390,0.327,0.3552,0.671,0.7473,1.0862,1.1137,1295.0,1315,4204,2,159,270,0.1025
2009,1344.51,1291.3956,1373.5216,0.9605,1.0216,1289.0,1326,0.508,0.5528,1.065,1.2151,1.0883,1.141,1225.0,1239,3900,10,126,230,0.0938
2010,1589.72,1531.1667,1669.3938,0.9632,1.0501,1296.0,1330,0.414,0.4433,0.8,0.9048,1.0707,1.131,1216.0,1231,3722,24,98,230,0.0946
2011,2219.31,2161.3898,2297.8616,0.9739,1.0354,1286.0,1319,0.367,0.3934,0.704,0.7808,1.072,1.1091,1203.0,1228,3593,15,103,224,0.0952
2012,1918.16,1886.6569,1987.3624,0.9836,1.0361,1291.0,1320,0.411,0.4606,0.809,0.9212,1.1207,1.1387,1202.0,1224,3491,24,150,228,0.1152
2013,2391.02,2347.3486,2511.5373,0.9817,1.0504,1289.0,1317,0.368,0.4143,0.755,0.8578,1.1258,1.1362,1205.0,1214,3357,24,124,228,0.112
2014,2901.24,2802.539,3020.6352,0.966,1.0412,1318.0,1352,0.295,0.3231,0.602,0.6861,1.0951,1.1397,1221.0,1242,3376,22,129,217,0.109
2015,2736.94,2632.563,2818.9006,0.9619,1.0299,1319.0,1358,0.278,0.311,0.63,0.7179,1.1185,1.1395,1239.0,1261,3461,24,139,227,0.1127
2016,2351.0,2232.7038,2526.4589,0.9497,1.0746,1263.0,1307,0.302,0.3399,0.707,0.8126,1.1256,1.1493,1181.0,1210,3360,23,137,256,0.1238
2017,2826.85,2749.1644,3039.3073,0.9725,1.0752,1246.0,1287,0.275,0.3031,0.599,0.6724,1.1022,1.1225,1127.0,1158,3204,40,127,232,0.1245
2018,3243.46,3118.9876,3342.2616,0.9616,1.0305,1225.0,1266,0.261,0.2851,0.603,0.66,1.0923,1.0946,1123.0,1143,3189,14,96,190,0.0941
2019,3047.61,2869.6252,3074.9397,0.9416,1.009,1213.0,1263,0.326,0.3539,0.8,0.8715,1.0857,1.0894,1116.0,1140,3223,3,82,143,0.0707
2020,2584.1,2399.1043,2504.3349,0.9284,0.9691,1173.0,1227,0.288,0.3108,0.709,0.7735,1.0791,1.091,1082.0,1114,3209,13,81,158,0.0785
2021,4239.3,3595.3892,4239.2969,0.8481,1.0,1195.0,1340,0.244,0.2645,0.695,0.777,1.0841,1.1179,1076.0,1111,3302,0,86,131,0.0657
2022,3209.85,2508.7748,3146.0666,0.7816,0.9801,1241.0,1415,0.218,0.2391,0.581,0.6367,1.0968,1.0958,1143.0,1200,3659,10,102,140,0.0689
2023,3751.0,3189.1536,3621.1446,0.8502,0.9654,1224.0,1334,0.296,0.3217,0.712,0.7832,1.0868,1.1,1124.0,1181,3566,17,96,159,0.0763
2024,4023.09,3619.441,3918.053,0.8997,0.9739,1190.0,1278,0.273,0.2862,0.701,0.7823,1.0482,1.116,1110.0,1156,3378,13,49,160,0.0657
2025,4493.48,4044.1059,4290.6692,0.9,0.9549,1136.0,1245,0.258,0.266,0.684,0.7561,1.031,1.1055,1068.0,1137,3241,20,38,143,0.062
