Series; sub-period,Months,"Mean, this replication (% per month)",NW t,"Mean, library portfolios (% per month)","NW t, library"
HML (value leg minus growth leg); 2001-07 to 2007-12,78,0.45746593644896266,1.6426805804564204,0.3536955128205128,1.3094439480406015
HML (value leg minus growth leg); 2008-01 to 2015-12,96,-0.17914973273942092,-0.6554180871392401,-0.1277083333333333,-0.46652149219946354
HML (value leg minus growth leg); 2016-01 to 2025-12,120,-0.11605356859444092,-0.28827146349189403,-0.04077625000000006,-0.09932320469060223
"Value leg, excess return; 2001-07 to 2007-12",78,0.6525783548063433,1.1757450092347639,0.5691826923076929,0.9733134868854979
"Value leg, excess return; 2008-01 to 2015-12",96,0.580097161966401,0.7798547486230372,0.5966812499999998,0.7967512458150509
"Value leg, excess return; 2016-01 to 2025-12",120,0.9582438095248366,2.0082437454337323,1.0589270833333337,2.0703976372010424
"Growth leg, excess return; 2001-07 to 2007-12",78,0.1951124183573807,0.3432862671491473,0.21548717948717985,0.3800238463080298
"Growth leg, excess return; 2008-01 to 2015-12",96,0.7592468947058222,1.2453367709057976,0.7243895833333333,1.1854311424780912
"Growth leg, excess return; 2016-01 to 2025-12",120,1.0742973781192773,2.480814595403223,1.0997033333333341,2.5384282852356437
Small-stock value spread (S/H - S/L); 2001-07 to 2007-12,78,0.6538921778959692,1.492243176165773,0.5960333333333334,1.3480182496879163
Small-stock value spread (S/H - S/L); 2008-01 to 2015-12,96,-0.03444382378126809,-0.12597722211436274,0.016107291666666558,0.0636588489043056
Small-stock value spread (S/H - S/L); 2016-01 to 2025-12,120,-0.005946344551477541,-0.014348927910698254,0.019082499999999888,0.04625683278234119
Big-stock value spread (B/H - B/L); 2001-07 to 2007-12,78,0.26103969500195634,1.1869064848785291,0.1113576923076924,0.4249456838203092
Big-stock value spread (B/H - B/L); 2008-01 to 2015-12,96,-0.3238556416975736,-0.9952354523389587,-0.27152395833333315,-0.7683714064984755
Big-stock value spread (B/H - B/L); 2016-01 to 2025-12,120,-0.22616079263740413,-0.5114071373474668,-0.10063499999999989,-0.22013901250445506
Small minus big value spread; 2001-07 to 2007-12,78,0.3928524828940126,0.9512752112482695,0.4846756410256411,0.9966247953344368
Small minus big value spread; 2008-01 to 2015-12,96,0.2894118179163053,1.1582392345315655,0.2876312499999999,1.0295857391736658
Small minus big value spread; 2016-01 to 2025-12,120,0.22021444808592658,0.7495563929987726,0.1197174999999999,0.4126922042639932
