Formation year,stocks,share_moved,share_moved_value_weighted,rank_corr_bm
2001,5563,0.22883336329318713,0.0782375868604526,0.876256344790121
2002,5021,0.2531368253335989,0.13745087168786108,0.8263956942252808
2003,4673,0.20051358870104857,0.12474734143352119,0.9061564592595701
2004,4472,0.1911896243291592,0.11418203878228424,0.9171734010569108
2005,4436,0.21934174932371506,0.1522259287849703,0.898551887098511
2006,4338,0.1830336560627017,0.13561981605714504,0.9201082329508413
2007,4244,0.19863336475023563,0.15714871114202608,0.9191981229804208
2008,4204,0.2252616555661275,0.1726763732829546,0.8876025099167127
2009,3900,0.24025641025641026,0.14387934780001646,0.8794021695859423
2010,3722,0.17947340139709833,0.09700144670216275,0.9343612054741088
2011,3593,0.16866128583356527,0.11155638961997971,0.9360625072883813
2012,3491,0.15812088226869092,0.06776407594759001,0.939909289118199
2013,3357,0.14775096812630326,0.08827039142462105,0.9445147763478126
2014,3376,0.1552132701421801,0.09818877549157026,0.9465221029474401
2015,3461,0.15226813059809305,0.07532241843167951,0.9410925707261587
2016,3360,0.18154761904761904,0.1115042972894461,0.9198844858376785
2017,3204,0.1772784019975031,0.08662008287908234,0.9283464446373552
2018,3189,0.16933207902163688,0.10149976091663962,0.9326664922891066
2019,3223,0.16444306546695625,0.06957472927850573,0.926115861180262
2020,3209,0.21688999688376442,0.07295408952539115,0.9028190732878829
2021,3302,0.16626287098728043,0.040699637054240644,0.9306164215726059
2022,3659,0.24596884394643345,0.12417930905116288,0.8571664277279917
2023,3566,0.18592260235558047,0.08455241862605274,0.9066961295392987
2024,3378,0.18502072232089994,0.06647092981051218,0.9084200411675541
2025,3241,0.1863622338784326,0.06731223429955001,0.9173381063858793
