t,port,n,me,me_share
2001,B/H,101,631817446.21,0.04775178450793301
2001,B/L,570,9114738536.2498,0.6888778286196433
2001,B/M,387,2547318629.1872,0.19252239865114576
2001,S/H,2047,223064509.2654,0.01685887029822352
2001,S/L,1014,339573631.7402,0.025664449414466932
2001,S/M,1438,374771747.407,0.0283246685085875
2002,B/H,120,750810569.29,0.06883758175024388
2002,B/L,449,7000610139.059,0.6418464156741573
2002,B/M,345,2238290502.36,0.2052162179638793
2002,S/H,1615,202787833.4762,0.018592471437999886
2002,S/L,1072,318240187.467,0.02917764588967984
2002,S/M,1414,396247187.6861,0.036329667284039704
2003,B/H,140,952178004.8,0.08800461988008375
2003,B/L,440,6234065224.0556,0.5761806485604531
2003,B/M,345,2740327116.382,0.2532734898396846
2003,S/H,1435,215772537.0894,0.019942678796810116
2003,S/L,881,289129008.9271,0.02672261740836925
2003,S/M,1427,388164692.569,0.035875945514599036
2004,B/H,147,1419990692.35,0.10885880460342907
2004,B/L,432,6703280267.91,0.5138844084103171
2004,B/M,330,3678747733.19,0.2820188067640737
2004,S/H,1029,247723714.227,0.018990904340396818
2004,S/L,1187,473290759.7092,0.03628324228416363
2004,S/M,1344,521301625.036,0.03996383359761955
2005,B/H,171,1825738145.68,0.13188707811468378
2005,B/L,400,6407923200.06,0.46289347113599366
2005,B/M,318,4214851385.59,0.3044710629771342
2005,S/H,1017,292398301.7609,0.02112217338296211
2005,S/L,1253,558281274.7358,0.04032894107255562
2005,S/M,1275,543999699.9029,0.039297273316670586
2006,B/H,151,1899686047.0,0.12986400393832206
2006,B/L,393,6464739175.09,0.4419345580918049
2006,B/M,312,4695749404.14,0.32100505242728167
2006,S/H,1115,355485309.999,0.024301250077942895
2006,S/L,1094,568478803.9905,0.0388616496693545
2006,S/M,1271,644133832.5424,0.044033485795294
2007,B/H,173,2487738796.14,0.1480870060709713
2007,B/L,372,7495603177.704,0.44618889853088006
2007,B/M,302,5084558008.19,0.30266721481987324
2007,S/H,1054,396798314.9806,0.023620114205983738
2007,S/L,1040,620442677.5548,0.036932936327683796
2007,S/M,1301,714029068.3967,0.042503830044607935
2008,B/H,137,1643980672.56,0.11819096313828767
2008,B/L,408,7270453297.39,0.52269585160777
2008,B/M,307,3790089271.41,0.2724814888915247
2008,S/H,1225,303862387.5629,0.021845626805109573
2008,S/L,900,390158237.881,0.028049708053857647
2008,S/M,1225,510985499.1298,0.03673636150345043
2009,B/H,128,837829883.4,0.08393308460889841
2009,B/L,391,5393382711.77,0.5403044895440183
2009,B/M,320,2914155865.31,0.2919376542335704
2009,S/H,1271,203725566.9969,0.02040905390287086
2009,S/L,699,274710764.6019,0.027520290580633697
2009,S/M,1090,358312358.7923,0.03589542713000834
2010,B/H,154,1568749841.6399999,0.1378562282821365
2010,B/L,393,5637695924.187,0.4954209241528933
2010,B/M,301,3174550095.36,0.27896831669574446
2010,S/H,1127,251002840.3721,0.02205724835364892
2010,S/L,750,320656193.0436,0.02817814043702928
2010,S/M,996,426953130.2839,0.037519142078547535
2011,B/H,169,2447640410.54,0.16599529656610357
2011,B/L,382,6524668958.26,0.44249324944062035
2011,B/M,283,4441318898.56,0.30120357734592956
2011,S/H,1078,342651423.57625,0.023238104923585818
2011,S/L,765,469703842.6652,0.03185460916795651
2011,S/M,914,519256007.3592,0.035215162555804126
2012,B/H,152,1841276659.94,0.12623676536899334
2012,B/L,410,7136636375.375,0.4892832843877975
2012,B/M,283,4438577190.135,0.3043060499889767
2012,S/H,1120,323074963.1943,0.022149815512615034
2012,S/L,696,413927907.1416,0.028378635992276868
2012,S/M,828,432405509.5681,0.02964544874934056
2013,B/H,161,2555301096.22,0.1501992494054532
2013,B/L,395,7610172977.569,0.4473219499523574
2013,B/M,284,5437048234.775,0.31958682483738904
2013,S/H,1032,392079545.6796,0.023046228702919502
2013,S/L,652,457230400.25455,0.026875761539483053
2013,S/M,832,560909861.9563,0.03296998556239779
2014,B/H,171,3666759923.42,0.17721889915284128
2014,B/L,392,8933469453.1,0.4317652791997573
2014,B/M,306,6393816471.94,0.30902080861777803
2014,S/H,945,426992748.4666,0.020637070986343202
2014,S/L,725,595938208.5659,0.0288024074362253
2014,S/M,836,673592546.5811,0.03255553460705482
2015,B/H,154,2977949847.25,0.13908965810316948
2015,B/L,430,10073764561.19,0.47051043184009494
2015,B/M,329,6721095899.64,0.3139189639552926
2015,S/H,938,431464174.2339,0.020152187765478325
2015,S/L,669,537950011.4372,0.025125770078529737
2015,S/M,940,668065012.0374,0.031202988257434887
2016,B/H,160,3055877000.4,0.14903826022803981
2016,B/L,411,10132884485.5,0.49419118459706973
2016,B/M,305,5916596005.61,0.28855846456937256
2016,S/H,867,338940242.859,0.01653046379496376
2016,S/L,649,444752476.882,0.02169103513588026
2016,S/M,967,614926389.9538,0.029990591674673845
2017,B/H,174,3970961633.9,0.16975441836545577
2017,B/L,386,11245776733.83,0.48074508507506797
2017,B/M,294,6548296071.35,0.2799327451031252
2017,S/H,825,373422604.5527,0.015963422184489814
2017,S/L,589,498995771.793,0.021331542537304595
2017,S/M,935,754937627.9919,0.03227278673455677
2018,B/H,153,3257073876.25,0.12485673395339879
2018,B/L,395,13545267495.06,0.5192445502358374
2018,B/M,302,7420387069.55,0.2844532636885549
2018,S/H,812,480380764.7226,0.01841492567136853
2018,S/L,614,597051912.388213,0.022887399737844087
2018,S/M,912,786328357.76433,0.03014312671299635
2019,B/H,135,2561877777.87,0.0940599759775457
2019,B/L,435,16037626262.44,0.5888254131452597
2019,B/M,304,7019995898.63,0.2577408849444002
2019,S/H,832,410584684.4349,0.015074718196277119
2019,S/L,591,522762922.5207,0.019193369940985437
2019,S/M,923,683793238.2949,0.02510563779553195
2020,B/H,106,1736669407.565,0.06139150475374797
2020,B/L,487,18389366974.155,0.6500666765329649
2020,B/M,335,6866456466.705,0.2427301897418528
2020,S/H,864,338043877.037342,0.011949898002298192
2020,S/L,587,435753168.7641,0.0154039350351375
2020,S/M,826,522142105.13705,0.018457795933998693
2021,B/H,142,4378467529.03,0.10566087098725031
2021,B/L,487,25721565897.0,0.6207110222500758
2021,B/M,297,8923726875.51,0.21534675040232784
2021,S/H,804,599869652.0279,0.014476012324368754
2021,S/L,685,824738031.069,0.0199025202588098
2021,S/M,883,990506104.8861,0.023902823777167487
2022,B/H,180,4226625679.89,0.11931035447520072
2022,B/L,439,21358110722.29,0.6029026353862792
2022,B/M,341,8054561418.58,0.2273663794183131
2022,S/H,1020,489741016.024308,0.013824544364294367
2022,S/L,624,523414492.85745,0.014775088548154808
2022,S/M,1052,773019157.480274,0.021820997807757796
2023,B/H,143,3048949061.46,0.07623056895884969
2023,B/L,428,25265498187.45,0.6316941552758594
2023,B/M,349,9803542811.65,0.24511057130835076
2023,S/H,1200,492008372.896223,0.012301313482894673
2023,S/L,532,546292406.553,0.013658536148023722
2023,S/M,910,840118777.579557,0.021004854826021865
2024,B/H,136,3444714645.765,0.0701647871386587
2024,B/L,429,33243129586.22,0.6771234633636756
2024,B/M,332,10489996768.8,0.21366890034649383
2024,S/H,1052,515807897.5785,0.01050640040170791
2024,S/L,512,512568380.0895,0.01044041523938769
2024,S/M,913,888418168.207752,0.018096033510076284
2025,B/H,123,3640000288.59,0.06468012565166463
2025,B/L,425,38918701932.68,0.6915566845134841
2025,B/M,343,11760519694.24,0.2089757778142857
2025,S/H,976,558745110.074954,0.009928489302647935
2025,S/L,519,543386729.8427,0.009655582191529812
2025,S/M,851,855597656.09639,0.015203340526387969
