t,S/L,S/M,S/H,B/L,B/M,B/H
2001,1.088,1.068,0.934,1.016,0.956,1.074
2002,1.078,1.112,0.905,0.966,0.93,1.176
2003,1.131,1.118,0.871,1.009,0.95,1.077
2004,1.09,1.1,0.856,0.975,0.979,1.05
2005,1.123,1.035,0.884,0.98,0.938,1.036
2006,1.102,1.079,0.89,0.997,0.929,1.056
2007,1.102,1.049,0.897,0.997,0.962,1.075
2008,1.112,1.111,0.909,0.983,0.972,1.123
2009,1.106,1.12,0.917,1.003,0.97,1.032
2010,1.052,1.141,0.919,1.003,0.941,0.987
2011,1.077,1.1,0.927,0.985,0.937,1.097
2012,1.15,1.063,0.936,0.979,0.953,1.063
2013,1.122,1.101,0.915,0.975,0.928,1.066
2014,1.114,1.093,0.92,0.973,0.968,1.03
2015,1.09,1.128,0.911,1.0,0.945,1.027
2016,1.139,1.142,0.884,0.995,0.933,1.103
2017,1.155,1.117,0.909,0.987,0.902,1.061
2018,1.102,1.092,0.92,0.988,0.968,1.062
2019,1.096,1.073,0.943,1.016,0.987,0.993
2020,1.091,1.059,0.964,1.012,1.037,0.991
2021,1.114,1.047,0.978,1.025,0.993,1.036
2022,1.177,1.079,0.96,1.021,0.991,1.091
2023,1.139,1.083,0.955,1.012,1.009,1.153
2024,1.053,1.104,0.951,1.019,1.009,1.054
2025,1.119,1.12,0.97,1.019,1.069,1.108
